Year,Language,Lang_Enrol,Lang_Enrol_Pct,Pop,Pop_UsPct,Lang_Pop,Lang_Pop_UsPct,Eng_LesVw_Pop,Eng_LesVw_Pop_UsPct,HEdu_Pop,HEdu_UsPct,HEdu_Pct,HEdu_Ratio,Med_Inc,Inc_Ratio,Pvt_Pct,Pvt_Ratio,Intl_Stud,Intl_Stud_Pct,Total_Trade,Trade_Pct,Total_Stud,Presidency,Party_Gov,Lan_UsPct
1958,Chinese,615,0.0014,162925,0.001,NA,NA,NA,NA,13236,0.002,0.127,1.79,3248,0.99,0.215,0.84,0,0,0,0,3242000,Republican,Divided,1.9e-4
1959,Chinese,959,0.0018,202762,0.0012,NA,NA,NA,NA,19083,0.0026,0.158,2.05,4488,0.99,0.173,0.85,0,0,0,0,3639847,Republican,Divided,2.6e-4
1960,Chinese,1833,0.003,237292,0.0013,NA,NA,NA,NA,23901,0.0031,0.183,2.26,5538,0.99,0.141,0.87,-0,0,0,0,3570000,Republican,Divided,5.1e-4
1961,Chinese,2200,0.0034,267160,0.0014,NA,NA,NA,NA,27863,0.0035,0.202,2.41,6419,1,0.118,0.89,1,0,0,0,4145065,Democrat,Unified,5.3e-4
1962,Chinese,2299,0.0032,293023,0.0015,NA,NA,NA,NA,31165,0.0038,0.217,2.51,7155,1.01,0.103,0.91,2,0,0,0,4208000,Democrat,Unified,5.5e-4
1963,Chinese,2444,0.003,315541,0.0016,NA,NA,NA,NA,34010,0.004,0.227,2.56,7767,1.02,0.095,0.93,4,0,0,0,4779609,Democrat,Unified,5.1e-4
1964,Chinese,2818,0.003,335377,0.0017,NA,NA,NA,NA,36603,0.0042,0.234,2.58,8281,1.03,0.092,0.95,5,-0,0,0,5280020,Democrat,Unified,5.3e-4
1965,Chinese,3359,0.0032,353191,0.0018,NA,NA,NA,NA,39146,0.0043,0.239,2.57,8720,1.05,0.094,0.98,8,0,0,0,5920864,Democrat,Unified,5.7e-4
1966,Chinese,3954,0.0036,369643,0.0018,NA,NA,NA,NA,41843,0.0044,0.242,2.53,9107,1.06,0.1,1,11,0,0,0,6389872,Democrat,Unified,6.2e-4
1967,Chinese,4538,0.0041,385396,0.0019,NA,NA,NA,NA,44898,0.0045,0.245,2.49,9466,1.08,0.108,1.02,13,0,0,0,6911748,Democrat,Unified,6.6e-4
1968,Chinese,5061,0.0045,401109,0.002,NA,NA,NA,NA,48514,0.0046,0.248,2.43,9820,1.09,0.116,1.05,16,-0,0,0,7513091,Democrat,Unified,6.7e-4
1969,Chinese,5535,0.0048,417444,0.002,NA,NA,NA,NA,52893,0.0047,0.251,2.38,10194,1.11,0.125,1.07,19,0,0,0,8004660,Republican,Divided,6.9e-4
1970,Chinese,6238,0.0054,435062,0.0021,345431,0.0017,NA,NA,58241,0.0048,0.256,2.33,10610,1.12,0.133,1.09,20,-0,0,0,8580887,Republican,Divided,7.3e-4
1971,Chinese,7393,0.0068,454609,0.0022,320631,0.0016,NA,NA,64731,0.005,0.263,2.3,11090,1.13,0.139,1.11,20,0,5,1e-4,8948644,Republican,Divided,8.3e-4
1972,Chinese,8752,0.0085,476670,0.0023,306498,0.0015,NA,NA,72426,0.0052,0.273,2.27,11642,1.14,0.143,1.13,21,-0,92,9e-4,9214860,Republican,Divided,9.5e-4
1973,Chinese,9949,0.0102,501816,0.0024,302504,0.0015,NA,NA,81359,0.0055,0.283,2.26,12276,1.15,0.145,1.14,21,0,753,0.0054,9602123,Republican,Divided,0.00104
1974,Chinese,10616,0.0112,530619,0.0025,308120,0.0015,NA,NA,91563,0.0058,0.295,2.26,12997,1.15,0.145,1.15,22,0,921,0.0046,10223729,Republican,Divided,0.00104
1975,Chinese,10536,0.0113,563649,0.0026,322817,0.0016,NA,NA,103073,0.0062,0.308,2.26,13812,1.16,0.145,1.16,218,0.001,462,0.0023,11184859,Republican,Divided,9.4e-4
1976,Chinese,10088,0.0108,601476,0.0028,346065,0.0017,NA,NA,115920,0.0066,0.321,2.26,14730,1.16,0.144,1.17,413,0.001,336,0.0014,11012137,Republican,Divided,9.2e-4
1977,Chinese,9798,0.0105,644672,0.0029,377337,0.0018,NA,NA,130139,0.007,0.334,2.26,15756,1.17,0.142,1.17,609,0.002,372,0.0014,11285787,Democrat,Unified,8.7e-4
1978,Chinese,10054,0.0108,693807,0.0031,416102,0.0019,NA,NA,145763,0.0074,0.346,2.27,16899,1.17,0.139,1.17,804,0.002,1145,0.0036,11260092,Democrat,Unified,8.9e-4
1979,Chinese,10682,0.0116,749452,0.0034,461833,0.0021,NA,NA,162826,0.0079,0.357,2.27,18165,1.18,0.137,1.17,1000,0.003,2316,0.006,11569899,Democrat,Unified,9.2e-4
1980,Chinese,11366,0.0123,812178,0.0036,514000,0.0023,252000,0.0011,181361,0.0084,0.366,2.26,19561,1.18,0.135,1.16,2770,0.009,4813,0.0103,12096895,Democrat,Unified,9.4e-4
1981,Chinese,11887,0.0127,882247,0.0039,572050,0.0025,293770,0.0013,201385,0.0089,0.374,2.25,21089,1.18,0.133,1.15,4375,0.014,5468,0.011,12371672,Republican,Divided,9.6e-4
1982,Chinese,12406,0.0131,958684,0.0042,635334,0.0028,338054,0.0015,222848,0.0094,0.38,2.23,22725,1.19,0.132,1.13,5721,0.018,5196,0.0114,12425780,Republican,Divided,0.001
1983,Chinese,13178,0.0137,1040207,0.0045,703178,0.003,384603,0.0017,245685,0.0099,0.384,2.2,24441,1.2,0.131,1.12,7424,0.023,4420,0.0096,12464661,Republican,Divided,0.00106
1984,Chinese,14359,0.0148,1125532,0.0048,774910,0.0033,433167,0.0019,269831,0.0105,0.388,2.17,26208,1.2,0.131,1.1,10100,0.03,6069,0.0112,12241940,Republican,Divided,0.00117
1985,Chinese,15710,0.016,1213376,0.0051,849855,0.0036,483498,0.0021,295219,0.011,0.391,2.14,27997,1.21,0.131,1.09,13980,0.041,7717.4,0.0139,12247055,Republican,Divided,0.00128
1986,Chinese,16891,0.0168,1302456,0.0054,927340,0.0039,535346,0.0023,321783,0.0115,0.393,2.11,29779,1.21,0.132,1.08,18099,0.052,7877.299999999999,0.0133,12503511,Republican,Divided,0.00135
1987,Chinese,17661,0.0169,1391488,0.0058,1006691,0.0041,588463,0.0025,349459,0.012,0.396,2.07,31525,1.21,0.133,1.07,22470,0.063,9790.900000000001,0.0148,12766642,Republican,Divided,0.00138
1988,Chinese,18173,0.0166,1479191,0.0061,1087237,0.0044,642600,0.0026,378179,0.0126,0.399,2.05,33206,1.21,0.135,1.07,27449,0.074,13532.5,0.0176,13055337,Republican,Divided,0.00139
1989,Chinese,18678,0.0163,1564280,0.0063,1168302,0.0047,697507,0.0028,407879,0.0131,0.402,2.02,34794,1.21,0.137,1.08,33390,0.086,17745.1,0.0212,13538560,Republican,Divided,0.00138
1990,Chinese,19427,0.0164,1645472,0.0066,1249213,0.005,752936,0.003,438493,0.0136,0.407,2,36259,1.21,0.14,1.09,39597,0.097,20043.8,0.0226,13818637,Republican,Divided,0.00141
1991,Chinese,20599,0.0172,1721956,0.0068,1329418,0.0053,808523,0.0032,469973,0.0141,0.413,1.99,37586,1.21,0.143,1.11,42940,0.102,25247.4,0.0279,14358953,Republican,Divided,0.00143
1992,Chinese,22078,0.0187,1794808,0.007,1408845,0.0055,863445,0.0033,502346,0.0146,0.419,1.98,38815,1.2,0.147,1.14,45130,0.103,33146,0.034,14487359,Republican,Divided,0.00152
1993,Chinese,23675,0.0203,1865576,0.0072,1487543,0.0058,916766,0.0035,535655,0.0151,0.427,1.97,39998,1.19,0.15,1.17,44381,0.099,40302.799999999996,0.0385,14304803,Democrat,Unified,0.00166
1994,Chinese,25202,0.0219,1935807,0.0074,1565562,0.006,967548,0.0036,569947,0.0155,0.435,1.97,41188,1.19,0.152,1.2,39403,0.087,48068.5,0.041,14278790,Democrat,Unified,0.00176
1995,Chinese,26471,0.0232,2007048,0.0076,1642949,0.0062,1014855,0.0037,605266,0.016,0.443,1.98,42438,1.18,0.154,1.22,39613,0.087,57296.9,0.0433,14261781,Democrat,Divided,0.0018600000000000001
1996,Chinese,27354,0.0239,2080848,0.0077,1719756,0.0065,1057749,0.0039,641657,0.0164,0.452,1.98,43802,1.18,0.154,1.24,42503,0.093,63505.40000000001,0.0449,14367520,Democrat,Divided,0.0019
1997,Chinese,27967,0.0241,2158754,0.0079,1796029,0.0067,1095293,0.004,679163,0.0168,0.46,1.98,45331,1.18,0.153,1.24,46958,0.098,75419.9,0.0485,14502334,Democrat,Divided,0.00193
1998,Chinese,28488,0.024,2242314,0.0081,1871819,0.0069,1126550,0.004,717831,0.0172,0.468,1.98,47079,1.19,0.149,1.23,51001,0.104,85409.8,0.0537,14506967,Democrat,Divided,0.00196
1999,Chinese,29111,0.0237,2333075,0.0083,1947175,0.007,1150583,0.0041,757704,0.0176,0.475,1.98,49099,1.2,0.144,1.2,54466,0.106,94899.29999999999,0.0547,14849691,Democrat,Divided,0.00196
2000,Chinese,30093,0.0235,2432585,0.0086,2022145,0.0072,1166455,0.0041,798828,0.018,0.481,1.97,51444,1.22,0.135,1.14,59939,0.109,116203.40000000001,0.0576,15312289,Democrat,Divided,0.00197
2001,Chinese,31708,0.0237,2541599,0.0089,2096721,0.0074,1173802,0.0041,841192,0.0184,0.486,1.96,54127,1.24,0.124,1.06,63211,0.108,121460.70000000001,0.0644,15927987,Republican,Divided,0.00199
2002,Chinese,34227,0.0245,2657703,0.0092,2170661,0.0075,1174555,0.0041,884562,0.0187,0.49,1.94,57006,1.27,0.11,0.96,64757,0.11,147320.3,0.0787,16611711,Republican,Divided,0.00206
2003,Chinese,37810,0.0261,2777689,0.0095,2243666,0.0076,1171216,0.004,928652,0.019,0.494,1.92,59899,1.3,0.096,0.86,61765,0.108,180804.03975700002,0.0903,16911481,Republican,Unified,0.00224
2004,Chinese,42157,0.0282,2898351,0.0099,2315437,0.0078,1166288,0.004,973174,0.0194,0.497,1.9,62624,1.33,0.083,0.76,62523,0.111,231109.80639100002,0.1,17272044,Republican,Unified,0.00244
2005,Chinese,46855,0.0306,3016482,0.0102,2385674,0.0079,1162276,0.004,1017838,0.0197,0.499,1.88,65000,1.35,0.072,0.67,62582,0.111,284662.114918,0.1091,17487475,Republican,Unified,0.00268
2006,Chinese,51490,0.0327,3128873,0.0105,2454078,0.0081,1161681,0.0039,1062358,0.02,0.502,1.87,66844,1.37,0.065,0.61,67723,0.116,341447.36095500004,0.117,17754230,Republican,Unified,0.0029
2007,Chinese,55683,0.0344,3232319,0.0108,2520349,0.0082,1167009,0.0039,1106446,0.0204,0.505,1.85,67976,1.38,0.062,0.59,81127,0.13,384379.7585100001,0.122,18258138,Republican,Divided,0.00305
2008,Chinese,59194,0.0358,3323612,0.011,2584189,0.0084,1180761,0.0039,1149812,0.0207,0.509,1.84,68212,1.37,0.065,0.61,98235,0.146,407505.465366,0.1181,19081686,Republican,Divided,0.0031
2009,Chinese,61817,0.0369,3399546,0.0111,2645297,0.0085,1205441,0.0039,1192170,0.021,0.513,1.84,67372,1.34,0.075,0.69,127628,0.185,365870.56209900003,0.138,20313594,Democrat,Unified,0.00304
2010,Chinese,63392,0.038,3456912,0.0112,2703375,0.0087,1243552,0.004,1233232,0.0214,0.518,1.84,65273,1.3,0.094,0.83,157558,0.218,456863.714539,0.1415,21019438,Democrat,Unified,0.00302
2011,Chinese,63937,0.0389,3520150,0.0113,2767564,0.0089,1289685,0.0041,1274530,0.0217,0.523,1.84,63399,1.26,0.113,0.97,194029,0.254,503492.756266,0.1347,21010590,Democrat,Divided,0.00304
2012,Chinese,63518,0.0395,3660659,0.0117,2854788,0.0091,1313202,0.0042,1330903,0.0219,0.526,1.81,66261,1.29,0.106,0.9,235597,0.287,536135.698309,0.1387,20644478,Democrat,Divided,0.00308
2013,Chinese,62198,0.0398,3781673,0.012,2915620,0.0092,1320776,0.0042,1413267,0.0226,0.534,1.8,68149,1.3,0.106,0.91,274439,0.31,562176.208229,0.1446,20376677,Democrat,Divided,0.00305
2014,Chinese,60083,0.0396,3941615,0.0124,3032758,0.0095,1382938,0.0043,1478129,0.023,0.534,1.77,69586,1.3,0.106,0.94,304040,0.312,592132.098262,0.1473,20209092,Democrat,Divided,0.00297
2015,Chinese,57443,0.0391,4133674,0.0129,3203629,0.01,1470466,0.0046,1599006,0.0241,0.546,1.78,71219,1.28,0.103,0.97,328547,0.315,599075.0206780001,0.1583,19988204,Democrat,Divided,0.00287
2016,Chinese,54589,0.0385,4214856,0.013,3253217,0.0101,1473707,0.0046,1649430,0.0241,0.552,1.76,73788,1.28,0.104,1.04,350755,0.325,578014.77608,0.1577,19846904,Democrat,Divided,0.00275
2017,Chinese,51821,0.038,4344981,0.0133,3331478,0.0102,1492502,0.0046,1733124,0.0245,0.553,1.73,77136,1.28,0.099,1.04,363341,0.332,635162.3253,0.1623,19778151,Republican,Unified,0.00262
2018,Chinese,49396,0.0377,4395912,0.0134,3335318,0.0102,1420845,0.0043,1808099,0.0249,0.572,1.75,81487,1.32,0.091,0.98,369548,0.337,658795.372317,0.1556,19651412,Republican,Unified,0.00251
2019,Chinese,47563,0.0378,4404678,0.0134,3348155,0.0102,1406225,0.0043,1849271,0.0248,0.577,1.74,86281,1.31,0.081,0.94,372532,0.346,555591.894023,0.1333,19630178,Republican,Divided,0.00242
2020,Chinese,46569,0.0383,4389063,0.0133,3334789,0.0101,1399373,0.0043,1872462,0.0243,0.577,1.71,90474,1.29,0.079,0.96,317299,0.347,557129.5290260001,0.1474,19027410,Republican,Divided,0.00245
2021,Chinese,46661,0.0395,4360466,0.0131,3246355,0.0098,1331006,0.004,1894922,0.0237,0.586,1.67,93007,1.33,0.097,1.07,290086,0.306,655718.1462760001,0.1421,18658756,Democrat,Unified,0.0025
1958,Filipino,1,0,107023,6e-4,NA,NA,NA,NA,4343,6e-4,0.055,0.76,2817,0.88,0.218,0.84,1669,0.039,565,0.0184,3242000,Republican,Divided,0
1959,Filipino,1,0,144985,8e-4,NA,NA,NA,NA,6797,9e-4,0.073,0.94,3771,0.84,0.169,0.82,1722,0.036,588,0.0179,3639847,Republican,Divided,0
1960,Filipino,1,0,176310,0.001,NA,NA,NA,NA,8843,0.0012,0.09,1.11,4571,0.81,0.133,0.82,1727,0.033,604,0.0172,3570000,Republican,Divided,0
1961,Filipino,-0,0,201830,0.0011,NA,NA,NA,NA,10601,0.0014,0.106,1.26,5239,0.79,0.108,0.83,1832,0.031,649,0.0184,4145065,Democrat,Unified,-0
1962,Filipino,5,0,222560,0.0012,NA,NA,NA,NA,12225,0.0016,0.12,1.39,5797,0.79,0.093,0.86,2028,0.031,591,0.0155,4208000,Democrat,Unified,0
1963,Filipino,14,0,239558,0.0013,NA,NA,NA,NA,13875,0.0018,0.134,1.51,6272,0.79,0.086,0.9,2260,0.031,680,0.0168,4779609,Democrat,Unified,0
1964,Filipino,23,-0,253884,0.0014,NA,NA,NA,NA,15714,0.002,0.147,1.62,6687,0.81,0.086,0.94,2473,0.03,747,0.0166,5280020,Democrat,Unified,0
1965,Filipino,28,0,266598,0.0014,NA,NA,NA,NA,17902,0.0021,0.159,1.71,7067,0.83,0.091,0.99,2624,0.029,705,0.0144,5920864,Democrat,Unified,0
1966,Filipino,27,0,278759,0.0015,NA,NA,NA,NA,20603,0.0023,0.172,1.8,7438,0.85,0.1,1.03,2717,0.027,740,0.0132,6389872,Democrat,Unified,0
1967,Filipino,22,0,291426,0.0015,NA,NA,NA,NA,23976,0.0025,0.184,1.87,7824,0.88,0.11,1.07,2764,0.025,803,0.0138,6911748,Democrat,Unified,0
1968,Filipino,14,0,305659,0.0016,NA,NA,NA,NA,28184,0.0027,0.197,1.94,8249,0.92,0.121,1.1,2781,0.023,872,0.0128,7513091,Democrat,Unified,0
1969,Filipino,9,-0,322517,0.0016,NA,NA,NA,NA,33389,0.003,0.211,2,8739,0.95,0.13,1.12,2782,0.021,797,0.0108,8004660,Republican,Divided,0
1970,Filipino,31,0,343060,0.0017,217907,0.0011,NA,NA,39751,0.0033,0.225,2.05,9318,0.99,0.137,1.12,2772,0.02,845,0.0102,8580887,Republican,Divided,0
1971,Filipino,98,1e-4,368145,0.0018,218656,0.0011,NA,NA,47396,0.0036,0.24,2.1,10007,1.03,0.14,1.11,2720,0.019,836,0.0093,8948644,Republican,Divided,1e-5
1972,Filipino,189,1e-4,397819,0.0019,224418,0.0011,NA,NA,56297,0.004,0.256,2.14,10814,1.06,0.138,1.07,2586,0.018,856,0.0081,9214860,Republican,Divided,2e-5
1973,Filipino,274,2e-4,431928,0.0021,234926,0.0011,NA,NA,66391,0.0045,0.272,2.18,11742,1.1,0.134,1.03,2357,0.016,1159,0.0083,9602123,Republican,Divided,3e-5
1974,Filipino,325,3e-4,470317,0.0022,249914,0.0012,NA,NA,77616,0.0049,0.289,2.22,12795,1.13,0.127,0.98,2130,0.014,1838,0.0092,10223729,Republican,Divided,3e-5
1975,Filipino,321,3e-4,512833,0.0024,269116,0.0012,NA,NA,89908,0.0054,0.305,2.25,13976,1.17,0.119,0.92,2009,0.012,1588,0.0078,11184859,Republican,Divided,3e-5
1976,Filipino,287,3e-4,559320,0.0026,292264,0.0013,NA,NA,103204,0.0059,0.32,2.27,15288,1.2,0.109,0.85,2018,0.011,1701,0.0072,11012137,Republican,Divided,3e-5
1977,Filipino,255,3e-4,609624,0.0028,319093,0.0014,NA,NA,117441,0.0063,0.335,2.28,16736,1.23,0.099,0.79,2165,0.01,1979,0.0074,11285787,Democrat,Unified,2e-5
1978,Filipino,251,3e-4,663591,0.003,349337,0.0015,NA,NA,132556,0.0068,0.348,2.29,18322,1.26,0.088,0.72,2453,0.01,2248,0.0071,11260092,Democrat,Unified,2e-5
1979,Filipino,261,3e-4,721066,0.0033,382728,0.0017,NA,NA,148486,0.0073,0.36,2.29,20051,1.29,0.079,0.66,2890,0.01,3060,0.0079,11569899,Democrat,Unified,2e-5
1980,Filipino,263,3e-4,781894,0.0035,419000,0.0018,228000,0.001,165168,0.0077,0.37,2.28,21926,1.32,0.071,0.61,3390,0.011,3730,0.008,12096895,Democrat,Unified,2e-5
1981,Filipino,240,3e-4,845788,0.0037,457849,0.002,222841,0.001,182519,0.0081,0.378,2.26,23945,1.34,0.065,0.57,3625,0.012,3751,0.0076,12371672,Republican,Divided,2e-5
1982,Filipino,206,2e-4,911922,0.004,498816,0.0021,220667,0.001,200379,0.0085,0.383,2.24,26082,1.37,0.061,0.54,3640,0.012,3660,0.008,12425780,Republican,Divided,2e-5
1983,Filipino,181,2e-4,979341,0.0043,541405,0.0023,221280,0.001,218567,0.0088,0.388,2.21,28308,1.39,0.058,0.51,3597,0.011,3808,0.0083,12464661,Republican,Divided,1e-5
1984,Filipino,180,2e-4,1047086,0.0045,585121,0.0025,224482,0.001,236903,0.0092,0.39,2.18,30591,1.41,0.057,0.5,3660,0.011,4196,0.0077,12241940,Republican,Divided,1e-5
1985,Filipino,196,2e-4,1114199,0.0047,629465,0.0026,230077,0.0011,255207,0.0094,0.392,2.14,32901,1.42,0.057,0.49,3920,0.011,3524.2999999999993,0.0064,12247055,Republican,Divided,2e-5
1986,Filipino,220,2e-4,1179722,0.005,673943,0.0028,237865,0.0011,273299,0.0097,0.393,2.1,35207,1.43,0.057,0.48,4223,0.012,3335.5,0.0056,12503511,Republican,Divided,2e-5
1987,Filipino,242,2e-4,1242699,0.0052,718058,0.003,247650,0.0011,290998,0.0099,0.393,2.06,37478,1.44,0.059,0.48,4471,0.013,3863,0.0059,12766642,Republican,Divided,2e-5
1988,Filipino,266,2e-4,1302171,0.0054,761312,0.0031,259234,0.0011,308124,0.0102,0.393,2.02,39685,1.45,0.06,0.49,4599,0.013,4544.7,0.0059,13055337,Republican,Divided,2e-5
1989,Filipino,298,3e-4,1357180,0.0056,803211,0.0033,272418,0.0012,324497,0.0103,0.393,1.98,41796,1.46,0.062,0.49,4540,0.012,5269.799999999999,0.0063,13538560,Republican,Divided,2e-5
1990,Filipino,342,3e-4,1406770,0.0057,843258,0.0034,287006,0.0012,339937,0.0105,0.393,1.94,43780,1.46,0.064,0.5,4273,0.01,5854.6,0.0066,13818637,Republican,Divided,2e-5
1991,Filipino,403,4e-4,1450438,0.0058,881148,0.0035,302729,0.0012,354410,0.0106,0.394,1.91,45618,1.46,0.066,0.51,3950,0.009,5736.299999999999,0.0063,14358953,Republican,Divided,3e-5
1992,Filipino,475,4e-4,1489510,0.0059,917342,0.0036,319041,0.0013,368471,0.0108,0.395,1.88,47332,1.46,0.067,0.52,3700,0.008,7113.5999999999995,0.0073,14487359,Republican,Divided,3e-5
1993,Filipino,551,5e-4,1525766,0.006,952494,0.0037,335325,0.0013,382820,0.0109,0.397,1.86,48955,1.45,0.068,0.52,3528,0.008,8422.6,0.008,14304803,Democrat,Unified,4e-5
1994,Filipino,622,5e-4,1560987,0.006,987256,0.0038,350963,0.0013,398159,0.011,0.4,1.84,50521,1.45,0.068,0.53,3472,0.008,9605.099999999999,0.0082,14278790,Democrat,Unified,4e-5
1995,Filipino,680,6e-4,1596954,0.0061,1022283,0.0039,365338,0.0013,415189,0.0111,0.404,1.82,52063,1.44,0.068,0.53,3127,0.007,12301.3,0.0093,14261781,Democrat,Divided,5e-5
1996,Filipino,721,6e-4,1635448,0.0061,1058227,0.004,377834,0.0014,434610,0.0113,0.409,1.81,53614,1.44,0.068,0.54,2796,0.006,14303.800000000001,0.0101,14367520,Democrat,Divided,5e-5
1997,Filipino,755,7e-4,1678250,0.0062,1095742,0.0041,387833,0.0014,457123,0.0115,0.414,1.8,55207,1.44,0.067,0.54,2801,0.006,17862.300000000003,0.0115,14502334,Democrat,Divided,5e-5
1998,Filipino,794,7e-4,1727141,0.0063,1135480,0.0042,394718,0.0014,483431,0.0117,0.421,1.8,56875,1.43,0.066,0.54,2864,0.006,18683.8,0.0118,14506967,Democrat,Divided,5e-5
1999,Filipino,849,7e-4,1783902,0.0064,1178095,0.0043,397873,0.0014,514232,0.012,0.429,1.8,58651,1.44,0.065,0.54,3143,0.006,19575.100000000002,0.0113,14849691,Democrat,Divided,6e-5
2000,Filipino,924,7e-4,1850314,0.0066,1224240,0.0044,396680,0.0014,550230,0.0124,0.438,1.8,60570,1.44,0.063,0.53,3139,0.006,22733.699999999997,0.0113,15312289,Democrat,Divided,6e-5
2001,Filipino,1021,8e-4,1927233,0.0068,1274156,0.0045,390872,0.0014,591646,0.0128,0.448,1.81,62647,1.45,0.061,0.52,3295,0.006,18985.5,0.0101,15927987,Republican,Divided,6e-5
2002,Filipino,1142,8e-4,2011820,0.007,1326434,0.0047,381578,0.0014,636792,0.0133,0.459,1.82,64832,1.46,0.058,0.51,3576,0.006,18255.9,0.0098,16611711,Republican,Divided,7e-5
2003,Filipino,1284,9e-4,2100307,0.0073,1379255,0.0048,370279,0.0013,683501,0.0138,0.469,1.83,67059,1.47,0.056,0.5,3467,0.006,18046.330027,0.009,16911481,Republican,Unified,8e-5
2004,Filipino,1423,9e-4,2188931,0.0075,1430797,0.0049,358454,0.0013,729605,0.0143,0.479,1.83,69260,1.49,0.053,0.48,3531,0.006,16223.644115,0.007,17272044,Republican,Unified,8e-5
2005,Filipino,1528,0.001,2273926,0.0077,1479240,0.005,347582,0.0013,772939,0.0147,0.488,1.84,71370,1.5,0.05,0.47,3758,0.007,16145.839411999998,0.0062,17487475,Republican,Unified,9e-5
2006,Filipino,1569,0.001,2351527,0.0079,1522764,0.0051,339143,0.0013,811334,0.0151,0.494,1.83,73320,1.52,0.048,0.45,3730,0.006,17311.274312,0.0059,17754230,Republican,Unified,9e-5
2007,Filipino,1529,0.001,2417969,0.0081,1559548,0.0052,334617,0.0012,842623,0.0153,0.498,1.82,75046,1.53,0.046,0.43,4170,0.007,17120.492268,0.0054,18258138,Republican,Divided,8e-5
2008,Filipino,1444,9e-4,2469486,0.0082,1587771,0.0052,335483,0.0012,864641,0.0154,0.498,1.8,76479,1.55,0.045,0.42,4226,0.006,17008.193941999998,0.0049,19081686,Republican,Divided,8e-5
2009,Filipino,1360,8e-4,2502313,0.0082,1605613,0.0052,343221,0.0012,875220,0.0154,0.494,1.77,77553,1.55,0.044,0.4,3815,0.006,12560.466423999998,0.0047,20313594,Democrat,Unified,7e-5
2010,Filipino,1316,8e-4,2512686,0.0081,1611254,0.0052,359310,0.0012,872192,0.0151,0.485,1.72,78202,1.56,0.044,0.39,3604,0.005,15358.716807,0.0048,21019438,Democrat,Unified,6e-5
2011,Filipino,1305,8e-4,2538325,0.0081,1630949,0.0052,378380,0.0012,874722,0.0149,0.476,1.67,78700,1.56,0.047,0.4,3194,0.004,16872.730249,0.0045,21010590,Democrat,Divided,6e-5
2012,Filipino,1314,8e-4,2658354,0.0085,1703592,0.0054,376494,0.0012,926723,0.0153,0.48,1.65,80172,1.56,0.056,0.47,3215,0.004,17667.812487,0.0046,20644478,Democrat,Divided,6e-5
2013,Filipino,1325,8e-4,2664606,0.0084,1663509,0.0053,365972,0.0012,930751,0.0149,0.478,1.61,81788,1.57,0.055,0.47,3112,0.004,17672.079702000003,0.0045,20376677,Democrat,Divided,7e-5
2014,Filipino,1327,8e-4,2770918,0.0087,1751607,0.0055,383602,0.0012,978769,0.0152,0.477,1.58,82389,1.54,0.051,0.45,3026,0.003,18643.327063,0.0046,20209092,Democrat,Divided,7e-5
2015,Filipino,1320,9e-4,2848148,0.0089,1802776,0.0056,405625,0.0013,1007931,0.0152,0.475,1.55,84546,1.52,0.046,0.43,2886,0.003,18134.693091,0.0048,19988204,Democrat,Divided,7e-5
2016,Filipino,1308,9e-4,2811885,0.0087,1777095,0.0055,390961,0.0012,1036644,0.0152,0.492,1.57,88745,1.54,0.045,0.45,3006,0.003,18236.10071,0.005,19846904,Democrat,Divided,7e-5
2017,Filipino,1294,9e-4,2911668,0.0089,1810289,0.0056,378350,0.0012,1073145,0.0152,0.492,1.54,90815,1.51,0.041,0.43,3225,0.003,20073.337765,0.0051,19778151,Republican,Unified,7e-5
2018,Filipino,1276,0.001,2920160,0.0089,1841642,0.0056,379378,0.0012,1083775,0.0149,0.488,1.5,92328,1.49,0.045,0.48,3320,0.003,21302.823768000002,0.005,19651412,Republican,Unified,6e-5
2019,Filipino,1255,0.001,2983596,0.0091,1841786,0.0056,364674,0.0011,1138698,0.0153,0.498,1.5,100273,1.53,0.041,0.48,3295,0.003,21302.899081,0.0051,19630178,Republican,Divided,6e-5
2020,Filipino,1228,0.001,3029673,0.0092,1817380,0.0056,354012,0.001,1181920,0.0155,0.509,1.5,106361,1.55,0.037,0.46,2907,0.003,18845.372692,0.005,19027410,Republican,Divided,6e-5
2021,Filipino,1195,0.001,2960811,0.0089,1775894,0.0054,371162,0.0011,1146438,0.0144,0.505,1.44,101157,1.45,0.044,0.48,3278,0.003,23274.588677,0.005,18658756,Democrat,Unified,6e-5
1980,Hindi,274,3e-4,387223,0.0017,203563,9e-4,59740,3e-4,123906,0.0058,0.519,3.2,20598,1.24,0.099,0.85,9250,0.03,2787,0.006,12096895,Democrat,Unified,2e-5
1981,Hindi,267,3e-4,402383,0.0018,295386,0.0012,81652,4e-4,126973,0.0058,0.526,3.16,23808,1.29,0.098,0.82,10294,0.035,2950,0.006,12371672,Republican,Divided,2e-5
1982,Hindi,279,3e-4,424256,0.0019,364701,0.0015,98329,4e-4,132628,0.0059,0.533,3.13,26805,1.34,0.097,0.8,11657,0.038,3003,0.0066,12425780,Republican,Divided,2e-5
1983,Hindi,306,3e-4,452629,0.002,413364,0.0016,110215,5e-4,140858,0.006,0.54,3.09,29603,1.38,0.096,0.78,13159,0.04,4019,0.0088,12464661,Republican,Divided,2e-5
1984,Hindi,343,3e-4,487291,0.0021,443228,0.0017,117758,5e-4,151652,0.0062,0.547,3.06,32213,1.41,0.096,0.77,14620,0.043,4122,0.0076,12241940,Republican,Divided,3e-5
1985,Hindi,378,4e-4,528029,0.0023,456147,0.0018,121403,5e-4,164996,0.0064,0.553,3.02,34651,1.44,0.096,0.76,16070,0.047,3936.6,0.0071,12247055,Republican,Divided,3e-5
1986,Hindi,401,4e-4,574632,0.0025,453977,0.0017,121597,5e-4,180880,0.0067,0.559,2.99,36927,1.46,0.096,0.76,18139,0.052,3819.3999999999996,0.0065,12503511,Republican,Divided,3e-5
1987,Hindi,403,4e-4,626887,0.0026,438572,0.0017,118785,5e-4,199289,0.0071,0.565,2.96,39057,1.47,0.096,0.75,20739,0.059,3992,0.006,12766642,Republican,Divided,3e-5
1988,Hindi,398,4e-4,684583,0.0028,411785,0.0016,113414,5e-4,220213,0.0075,0.57,2.92,41053,1.48,0.096,0.75,23546,0.064,5439.6,0.0071,13055337,Republican,Divided,3e-5
1989,Hindi,401,4e-4,747507,0.0031,375471,0.0015,105930,4e-4,243639,0.0079,0.576,2.89,42928,1.49,0.097,0.76,26240,0.068,5771.9,0.0069,13538560,Republican,Divided,3e-5
1990,Hindi,431,4e-4,815447,0.0033,331484,0.0013,96779,4e-4,269554,0.0084,0.581,2.86,44696,1.49,0.097,0.76,28857,0.071,5683,0.0064,13818637,Republican,Divided,3e-5
1991,Hindi,499,4e-4,888146,0.0035,282119,0.0011,86467,4e-4,297952,0.0089,0.586,2.83,46374,1.49,0.097,0.76,32530,0.078,5191.8,0.0057,14358953,Republican,Divided,3e-5
1992,Hindi,597,5e-4,965166,0.0038,231426,9e-4,75741,3e-4,328845,0.0095,0.591,2.8,47996,1.49,0.097,0.77,35950,0.082,5696.8,0.0058,14487359,Republican,Divided,4e-5
1993,Hindi,715,6e-4,1046022,0.0041,183898,8e-4,65409,3e-4,362252,0.0101,0.596,2.77,49602,1.48,0.098,0.78,34796,0.077,7331.5,0.007,14304803,Democrat,Unified,5e-5
1994,Hindi,839,7e-4,1130230,0.0043,144025,6e-4,56276,3e-4,398192,0.0108,0.601,2.74,51231,1.48,0.098,0.78,33537,0.074,7603.4000000000005,0.0065,14278790,Democrat,Unified,6e-5
1995,Hindi,957,8e-4,1217306,0.0046,116298,5e-4,49150,2e-4,436682,0.0114,0.607,2.72,52922,1.48,0.098,0.79,31743,0.07,9022.1,0.0068,14261781,Democrat,Divided,7e-5
1996,Hindi,1062,9e-4,1306766,0.0049,105209,4e-4,44837,2e-4,477741,0.0121,0.612,2.69,54714,1.47,0.098,0.8,30641,0.067,9497.699999999999,0.0067,14367520,Democrat,Divided,7e-5
1997,Hindi,1164,0.001,1398126,0.0052,115249,5e-4,44146,2e-4,521386,0.0128,0.618,2.67,56645,1.48,0.098,0.8,33818,0.07,10930,0.007,14502334,Democrat,Divided,8e-5
1998,Hindi,1279,0.0011,1490902,0.0055,150909,6e-4,47882,2e-4,567638,0.0135,0.625,2.65,58755,1.48,0.098,0.81,37482,0.076,11801.699999999999,0.0074,14506967,Democrat,Divided,9e-5
1999,Hindi,1416,0.0012,1584610,0.0057,216681,8e-4,56853,3e-4,616512,0.0143,0.631,2.63,61084,1.49,0.098,0.82,42337,0.082,12758.600000000002,0.0074,14849691,Democrat,Divided,1e-4
2000,Hindi,1567,0.0012,1678765,0.006,317055,0.0011,71865,3e-4,668029,0.015,0.639,2.62,63669,1.51,0.098,0.83,54664,0.1,14353.9,0.0071,15312289,Democrat,Divided,1e-4
2001,Hindi,1719,0.0013,1773110,0.0063,454325,0.0016,93425,4e-4,722180,0.0157,0.647,2.61,66529,1.53,0.098,0.84,66836,0.115,13494.3,0.0072,15927987,Republican,Divided,1.1e-4
2002,Hindi,1857,0.0013,1868296,0.0065,621996,0.0021,120836,4e-4,778858,0.0165,0.656,2.6,69594,1.56,0.098,0.85,74603,0.127,15919.4,0.0085,16611711,Republican,Divided,1.1e-4
2003,Hindi,1974,0.0013,1965197,0.0068,811375,0.0027,153102,5e-4,837926,0.0173,0.665,2.59,72776,1.6,0.097,0.85,79736,0.139,18034.983753,0.009,16911481,Republican,Unified,1.2e-4
2004,Hindi,2084,0.0014,2064690,0.007,1013767,0.0034,189225,6e-4,899251,0.018,0.673,2.58,75983,1.63,0.095,0.84,80466,0.142,21681.393465,0.0094,17272044,Republican,Unified,1.2e-4
2005,Hindi,2205,0.0014,2167652,0.0073,1220480,0.0041,228207,8e-4,962699,0.0188,0.682,2.58,79125,1.67,0.093,0.82,76503,0.135,26722.772082,0.0102,17487475,Republican,Unified,1.3e-4
2006,Hindi,2355,0.0015,2274959,0.0076,1422822,0.0047,269053,9e-4,1028134,0.0195,0.689,2.57,82112,1.7,0.089,0.8,83833,0.144,31504.392194,0.0108,17754230,Republican,Unified,1.3e-4
2007,Hindi,2540,0.0016,2387486,0.0079,1612097,0.0053,310765,0.001,1095423,0.0203,0.696,2.56,84855,1.74,0.084,0.75,94563,0.152,39042.109818,0.0124,18258138,Republican,Divided,1.4e-4
2008,Hindi,2711,0.0017,2506110,0.0082,1779614,0.0058,352345,0.0011,1164431,0.0211,0.702,2.54,87262,1.77,0.077,0.69,103260,0.154,43386.467314999994,0.0126,19081686,Republican,Divided,1.4e-4
2009,Hindi,2804,0.0017,2631708,0.0085,1916680,0.0062,392797,0.0013,1235023,0.0219,0.706,2.53,89244,1.79,0.068,0.61,104897,0.152,37607.361454,0.0142,20313594,Democrat,Unified,1.4e-4
2010,Hindi,2776,0.0017,2765155,0.0089,2014600,0.0065,431124,0.0014,1307065,0.0227,0.708,2.51,90711,1.81,0.057,0.5,103895,0.144,48781.825973,0.0151,21019438,Democrat,Unified,1.3e-4
2011,Hindi,2657,0.0016,2908204,0.0093,2096624,0.0067,459161,0.0015,1389748,0.0236,0.711,2.49,92418,1.83,0.048,0.41,100270,0.131,57696.68001900001,0.0154,21010590,Democrat,Divided,1.3e-4
2012,Hindi,2497,0.0016,3049201,0.0097,2224367,0.0071,455995,0.0015,1498197,0.0247,0.722,2.48,96782,1.88,0.053,0.45,96754,0.118,62618.381896,0.0162,20644478,Democrat,Divided,1.2e-4
2013,Hindi,2346,0.0015,3189485,0.0101,2278993,0.0072,462636,0.0015,1583717,0.0254,0.729,2.46,100547,1.92,0.053,0.46,102673,0.116,63620.43630300001,0.0164,20376677,Democrat,Divided,1.2e-4
2014,Hindi,2242,0.0015,3491052,0.0109,2488462,0.0078,520089,0.0016,1727654,0.0269,0.725,2.41,101591,1.89,0.047,0.42,132888,0.136,66857.067518,0.0166,20209092,Democrat,Divided,1.1e-4
2015,Hindi,2175,0.0015,3699957,0.0115,2663078,0.0083,545931,0.0017,1866035,0.0282,0.734,2.4,103821,1.86,0.047,0.44,165918,0.159,66235.564858,0.0175,19988204,Democrat,Divided,1.1e-4
2016,Hindi,2124,0.0015,3813407,0.0118,2700859,0.0084,532069,0.0016,1944268,0.0284,0.743,2.37,110026,1.91,0.047,0.47,186267,0.173,67671.42637500001,0.0185,19846904,Democrat,Divided,1.1e-4
2017,Hindi,2069,0.0015,4094539,0.0126,2918328,0.009,545727,0.0017,2105311,0.0297,0.746,2.33,114261,1.89,0.041,0.43,196271,0.179,74197.26029600001,0.019,19778151,Republican,Unified,1e-4
2018,Hindi,2004,0.0015,4161088,0.0127,2949399,0.009,527942,0.0016,2181200,0.03,0.758,2.33,119858,1.94,0.042,0.45,202014,0.184,87426.14249600001,0.0207,19651412,Republican,Unified,1e-4
2019,Hindi,1926,0.0015,4240466,0.0129,3013628,0.0092,533412,0.0016,2238502,0.0301,0.757,2.29,126705,1.93,0.037,0.43,193124,0.18,92101.756489,0.0221,19630178,Republican,Divided,1e-4
2020,Hindi,1831,0.0015,4331584,0.0132,3079941,0.0094,543255,0.0016,2289548,0.0299,0.755,2.23,134219,1.93,0.033,0.41,167582,0.183,78336.24593900001,0.0207,19027410,Republican,Divided,1e-4
2021,Hindi,1716,0.0015,4402223,0.0133,3084577,0.0093,530547,0.0016,2336589,0.0293,0.768,2.19,141906,2.04,0.041,0.45,199182,0.21,113295.862762,0.0245,18658756,Democrat,Unified,9e-5
1958,Japanese,844,0.0019,273068,0.0016,NA,NA,NA,NA,15286,0.0022,0.088,1.25,3543,1.05,0.22,0.85,2014,0.047,1511,0.0492,3242000,Republican,Divided,2.6e-4
1959,Japanese,1271,0.0024,380089,0.0022,NA,NA,NA,NA,22941,0.0031,0.1,1.31,5013,1.09,0.169,0.82,2248,0.046,1996,0.0608,3639847,Republican,Divided,3.5e-4
1960,Japanese,1754,0.0029,464332,0.0026,NA,NA,NA,NA,29164,0.0038,0.11,1.36,6271,1.12,0.128,0.79,2434,0.046,2490,0.0707,3570000,Republican,Divided,4.9e-4
1961,Japanese,1976,0.003,527817,0.0029,NA,NA,NA,NA,34118,0.0043,0.118,1.39,7339,1.15,0.097,0.76,2668,0.046,2794,0.0791,4145065,Democrat,Unified,4.8e-4
1962,Japanese,2285,0.0031,573042,0.0031,NA,NA,NA,NA,38007,0.0047,0.124,1.42,8241,1.18,0.075,0.74,2949,0.045,2773,0.0729,4208000,Democrat,Unified,5.4e-4
1963,Japanese,2718,0.0033,602622,0.0033,NA,NA,NA,NA,41044,0.0049,0.13,1.43,9003,1.21,0.061,0.71,3247,0.044,3212,0.0793,4779609,Democrat,Unified,5.7e-4
1964,Japanese,3173,0.0034,619172,0.0033,NA,NA,NA,NA,43441,0.005,0.134,1.44,9650,1.23,0.053,0.69,3534,0.043,3677,0.0815,5280020,Democrat,Unified,6e-4
1965,Japanese,3505,0.0034,625306,0.0033,NA,NA,NA,NA,45412,0.0051,0.137,1.45,10207,1.26,0.051,0.67,3784,0.041,4472,0.0916,5920864,Democrat,Unified,5.9e-4
1966,Japanese,3636,0.0034,623641,0.0032,NA,NA,NA,NA,47169,0.005,0.141,1.45,10699,1.28,0.053,0.66,3989,0.039,5294,0.0948,6389872,Democrat,Unified,5.7e-4
1967,Japanese,3803,0.0034,616792,0.0032,NA,NA,NA,NA,48926,0.0049,0.144,1.45,11150,1.29,0.057,0.64,4147,0.036,5665,0.0971,6911748,Democrat,Unified,5.5e-4
1968,Japanese,4324,0.0038,607374,0.0031,NA,NA,NA,NA,50895,0.0049,0.148,1.45,11587,1.31,0.063,0.63,4256,0.034,7008,0.1033,7513091,Democrat,Unified,5.8e-4
1969,Japanese,5381,0.0046,598001,0.003,NA,NA,NA,NA,53290,0.0048,0.153,1.45,12033,1.32,0.069,0.62,4311,0.032,8378,0.1131,8004660,Republican,Divided,6.7e-4
1970,Japanese,6620,0.0057,591290,0.0029,408504,0.002,NA,NA,56323,0.0047,0.159,1.45,12515,1.33,0.075,0.61,4330,0.031,10527,0.1266,8580887,Republican,Divided,7.7e-4
1971,Japanese,7647,0.0069,589326,0.0029,368046,0.0018,NA,NA,60164,0.0047,0.166,1.46,13055,1.34,0.079,0.6,4406,0.031,11316,0.1261,8948644,Republican,Divided,8.5e-4
1972,Japanese,8439,0.0081,592076,0.0028,334505,0.0016,NA,NA,64806,0.0047,0.175,1.47,13666,1.34,0.081,0.6,4653,0.032,14027,0.1332,9214860,Republican,Divided,9.2e-4
1973,Japanese,9068,0.0092,598978,0.0028,307464,0.0015,NA,NA,70198,0.0048,0.185,1.49,14360,1.35,0.082,0.6,5160,0.035,17957,0.1279,9602123,Republican,Divided,9.4e-4
1974,Japanese,9604,0.0101,609470,0.0029,286503,0.0014,NA,NA,76290,0.0049,0.196,1.51,15149,1.35,0.081,0.59,5930,0.038,23135,0.116,10223729,Republican,Divided,9.4e-4
1975,Japanese,10095,0.0108,622990,0.0029,271205,0.0013,NA,NA,83032,0.005,0.207,1.53,16045,1.35,0.08,0.59,6935,0.04,20988,0.1026,11184859,Republican,Divided,9e-4
1976,Japanese,10491,0.0112,638976,0.0029,261150,0.0013,NA,NA,90373,0.0051,0.219,1.55,17058,1.35,0.077,0.59,8126,0.042,25649,0.1088,11012137,Republican,Divided,9.5e-4
1977,Japanese,10721,0.0115,656865,0.003,255921,0.0012,NA,NA,98262,0.0053,0.23,1.57,18200,1.35,0.074,0.58,9447,0.042,29145,0.1092,11285787,Democrat,Unified,9.5e-4
1978,Japanese,10779,0.0117,676095,0.0031,255098,0.0012,NA,NA,106650,0.0055,0.242,1.59,19483,1.35,0.071,0.58,10844,0.043,37343,0.1183,11260092,Democrat,Unified,9.6e-4
1979,Japanese,10933,0.0119,696105,0.0031,258264,0.0012,NA,NA,115485,0.0056,0.253,1.61,20918,1.36,0.068,0.57,12260,0.043,43829,0.1129,11569899,Democrat,Unified,9.4e-4
1980,Japanese,11516,0.0125,716331,0.0032,265000,0.0012,126000,6e-4,124717,0.0058,0.264,1.63,22517,1.36,0.065,0.56,13500,0.043,51504,0.1106,12096895,Democrat,Unified,9.5e-4
1981,Japanese,12749,0.0136,736253,0.0033,274878,0.0012,135170,6e-4,134284,0.006,0.274,1.64,24283,1.36,0.062,0.55,14007,0.042,59435,0.1201,12371672,Republican,Divided,0.00103
1982,Japanese,14401,0.015,755512,0.0033,287436,0.0013,144726,7e-4,144080,0.0061,0.283,1.66,26185,1.37,0.06,0.53,13902,0.04,58710,0.1287,12425780,Republican,Divided,0.00116
1983,Japanese,16126,0.0167,773790,0.0034,302199,0.0013,154579,7e-4,153984,0.0062,0.292,1.67,28184,1.38,0.059,0.52,13512,0.039,63077,0.1375,12464661,Republican,Divided,0.00129
1984,Japanese,17770,0.0184,790769,0.0034,318698,0.0014,164641,7e-4,163878,0.0063,0.3,1.67,30242,1.38,0.058,0.51,13160,0.038,80710,0.1485,12241940,Republican,Divided,0.00145
1985,Japanese,19946,0.0206,806131,0.0034,336458,0.0014,174824,8e-4,173643,0.0064,0.308,1.68,32319,1.39,0.058,0.5,13360,0.039,91413.8,0.165,12247055,Republican,Divided,0.00163
1986,Japanese,23454,0.0234,819558,0.0034,355008,0.0015,185039,8e-4,183160,0.0065,0.315,1.69,34376,1.39,0.059,0.49,15106,0.044,108792.60000000002,0.1838,12503511,Republican,Divided,0.00188
1987,Japanese,28770,0.0272,830733,0.0035,373875,0.0015,195199,8e-4,192311,0.0066,0.323,1.69,36374,1.39,0.06,0.5,18526,0.052,112823.50000000001,0.171,12766642,Republican,Divided,0.00225
1988,Japanese,35051,0.0314,839337,0.0035,392587,0.0016,205214,9e-4,200977,0.0067,0.33,1.69,38274,1.39,0.063,0.5,23482,0.064,127244.19999999998,0.1658,13055337,Republican,Divided,0.00268
1989,Japanese,41128,0.0355,845053,0.0034,410672,0.0017,214997,9e-4,209038,0.0067,0.338,1.7,40038,1.39,0.066,0.52,29840,0.077,138046.2,0.1648,13538560,Republican,Divided,0.00304
1990,Japanese,45830,0.0387,847562,0.0034,427657,0.0017,224460,9e-4,216376,0.0067,0.345,1.7,41626,1.38,0.07,0.55,36611,0.09,138263.50000000003,0.1561,13818637,Republican,Divided,0.00332
1991,Japanese,48283,0.0406,846717,0.0034,443115,0.0017,233468,9e-4,222913,0.0067,0.353,1.7,43012,1.37,0.075,0.59,40700,0.097,139635.90000000002,0.1543,14358953,Republican,Divided,0.00336
1992,Japanese,48796,0.0413,843052,0.0033,456797,0.0018,241704,9e-4,228738,0.0067,0.361,1.71,44221,1.36,0.081,0.64,42840,0.098,145226.40000000002,0.1488,14487359,Republican,Divided,0.00337
1993,Japanese,47973,0.0412,837271,0.0032,468502,0.0018,248806,9e-4,233981,0.0066,0.369,1.71,45290,1.34,0.087,0.69,43770,0.097,155137.90000000002,0.1483,14304803,Democrat,Unified,0.00335
1994,Japanese,46418,0.0404,830078,0.0032,478025,0.0018,254411,9e-4,238770,0.0066,0.377,1.72,46259,1.32,0.093,0.74,45276,0.1,172643.4,0.1474,14278790,Democrat,Unified,0.00325
1995,Japanese,44737,0.0393,822178,0.0031,485164,0.0018,258156,9e-4,243235,0.0065,0.384,1.72,47164,1.31,0.098,0.78,45531,0.1,187821.99999999997,0.1418,14261781,Democrat,Divided,0.00314
1996,Japanese,43465,0.0381,814273,0.003,489717,0.0018,259679,9e-4,247507,0.0064,0.392,1.72,48043,1.29,0.101,0.82,46292,0.101,182793.7,0.1292,14367520,Democrat,Divided,0.00303
1997,Japanese,42868,0.0371,807069,0.0029,491479,0.0018,258616,9e-4,251714,0.0063,0.399,1.73,48934,1.27,0.104,0.85,47073,0.098,187211.9,0.1204,14502334,Democrat,Divided,0.00296
1998,Japanese,43141,0.0364,801269,0.0029,490248,0.0017,254606,9e-4,255987,0.0062,0.406,1.73,49876,1.26,0.104,0.86,46406,0.095,179676.09999999998,0.1131,14506967,Democrat,Divided,0.00297
1999,Japanese,44410,0.0361,797578,0.0028,485821,0.0017,247285,8e-4,260455,0.0061,0.413,1.72,50905,1.25,0.102,0.85,46872,0.091,188329.80000000002,0.1086,14849691,Democrat,Divided,0.00299
2000,Japanese,46510,0.0362,796700,0.0028,477995,0.0017,236290,8e-4,265248,0.006,0.419,1.72,52060,1.24,0.097,0.82,46497,0.085,211403.8,0.1048,15312289,Democrat,Divided,0.00304
2001,Japanese,49205,0.0367,799016,0.0028,466724,0.0017,221488,7e-4,270437,0.0059,0.424,1.71,53364,1.24,0.089,0.76,46810,0.08,183924.6,0.0976,15927987,Republican,Divided,0.00309
2002,Japanese,52257,0.0374,803615,0.0028,452592,0.0016,203659,7e-4,275866,0.0058,0.429,1.71,54784,1.24,0.079,0.69,45960,0.078,172877.8,0.0924,16611711,Republican,Divided,0.00315
2003,Japanese,55464,0.0383,809264,0.0028,436340,0.0016,183814,6e-4,281317,0.0057,0.434,1.7,56272,1.24,0.067,0.6,40835,0.071,170040.922753,0.0849,16911481,Republican,Unified,0.00328
2004,Japanese,58754,0.0394,814729,0.0028,418707,0.0016,162960,5e-4,286576,0.0056,0.439,1.69,57779,1.25,0.055,0.5,42215,0.075,183373.892324,0.0793,17272044,Republican,Unified,0.0034
2005,Japanese,62092,0.0405,818778,0.0028,400435,0.0015,142109,4e-4,291427,0.0055,0.443,1.68,59258,1.26,0.044,0.41,38712,0.069,192684.27600199997,0.0739,17487475,Republican,Unified,0.00355
2006,Japanese,65440,0.0415,820177,0.0028,382265,0.0014,122269,4e-4,295654,0.0054,0.448,1.67,60661,1.27,0.035,0.34,35282,0.061,206639.75364999997,0.0708,17754230,Republican,Unified,0.00369
2007,Japanese,68657,0.0424,817691,0.0028,364936,0.0014,104451,3e-4,299042,0.0054,0.454,1.67,61939,1.27,0.028,0.28,33974,0.054,206622.925322,0.0656,18258138,Republican,Divided,0.00376
2008,Japanese,71189,0.043,810089,0.0027,349191,0.0013,89663,3e-4,301375,0.0053,0.46,1.67,63046,1.28,0.026,0.25,29264,0.044,204403.95015599998,0.0592,19081686,Republican,Divided,0.00373
2009,Japanese,72379,0.0432,796137,0.0026,335768,0.0012,78915,2e-4,302438,0.0052,0.466,1.67,63932,1.29,0.027,0.26,24842,0.036,146937.867569,0.0554,20313594,Democrat,Unified,0.00356
2010,Japanese,71822,0.043,774600,0.0025,325410,0.0011,73217,2e-4,302015,0.0052,0.474,1.68,64551,1.29,0.035,0.31,21290,0.029,181023.997311,0.0561,21019438,Democrat,Unified,0.00342
2011,Japanese,70134,0.0425,756898,0.0024,319900,0.001,72297,2e-4,304744,0.0052,0.483,1.69,66146,1.31,0.045,0.38,19966,0.026,194727.626189,0.0521,21010590,Democrat,Divided,0.00334
2012,Japanese,68183,0.0424,780210,0.0025,325849,0.001,73642,2e-4,321407,0.0053,0.49,1.68,71029,1.38,0.044,0.37,19568,0.024,216407.47986800002,0.056,20644478,Democrat,Divided,0.0033
2013,Japanese,66837,0.0428,794441,0.0025,338418,0.0011,78851,2e-4,325906,0.0052,0.488,1.65,70756,1.35,0.04,0.34,19334,0.022,203812.755962,0.0524,20376677,Democrat,Divided,0.00328
2014,Japanese,66723,0.0441,759056,0.0024,320812,0.001,75391,2e-4,321710,0.005,0.501,1.66,70261,1.31,0.038,0.34,19064,0.02,201396.385469,0.0501,20209092,Democrat,Divided,0.0033
2015,Japanese,67497,0.0461,757468,0.0024,321151,0.001,74507,2e-4,321348,0.0049,0.509,1.66,74548,1.34,0.044,0.42,19060,0.018,193833.299834,0.0512,19988204,Democrat,Divided,0.00338
2016,Japanese,68569,0.0483,789830,0.0024,344652,0.0011,81683,3e-4,341142,0.005,0.511,1.63,76175,1.32,0.043,0.43,18780,0.017,195247.498919,0.0533,19846904,Democrat,Divided,0.00345
2017,Japanese,69415,0.0505,770546,0.0024,330062,0.001,73934,2e-4,338363,0.0048,0.52,1.62,79504,1.32,0.038,0.4,18753,0.017,204014.716501,0.0521,19778151,Republican,Unified,0.00351
2018,Japanese,69760,0.0525,782776,0.0024,338743,0.001,78250,2e-4,351411,0.0048,0.528,1.62,80036,1.29,0.048,0.52,18105,0.017,217392.07644499998,0.0514,19651412,Republican,Unified,0.00355
2019,Japanese,69391,0.0541,755672,0.0023,327544,0.001,72060,2e-4,344514,0.0046,0.537,1.62,85007,1.29,0.039,0.45,17554,0.016,218070.612341,0.0523,19630178,Republican,Divided,0.00353
2020,Japanese,68096,0.0552,726146,0.0022,312508,0.001,65716,2e-4,335269,0.0044,0.544,1.61,89582,1.29,0.03,0.37,11785,0.013,183536.808165,0.0485,19027410,Republican,Divided,0.00358
2021,Japanese,65661,0.0555,742549,0.0022,316515,0.001,73115,2e-4,346932,0.0043,0.546,1.56,87789,1.26,0.045,0.49,13449,0.014,209568.425337,0.0454,18658756,Democrat,Unified,0.00352
1970,Korean,101,1e-4,74264,4e-4,53528,3e-4,NA,NA,13669,0.0011,0.363,3.3,9176,0.97,0.3,2.21,4600,0.031,1013,0.0122,8580887,Republican,Divided,1e-5
1971,Korean,90,1e-4,83544,5e-4,38811,2e-4,NA,NA,15709,0.0012,0.36,3.13,9769,1,0.266,2,4288,0.029,1143,0.0127,8948644,Republican,Divided,1e-5
1972,Korean,82,1e-4,97912,5e-4,31662,2e-4,NA,NA,18362,0.0014,0.358,2.97,10443,1.03,0.237,1.81,3730,0.026,1443,0.0137,9214860,Republican,Divided,1e-5
1973,Korean,81,1e-4,117045,6e-4,31614,2e-4,NA,NA,21635,0.0016,0.355,2.82,11194,1.05,0.211,1.65,3454,0.024,2214,0.0158,9602123,Republican,Divided,1e-5
1974,Korean,87,1e-4,140622,7e-4,38203,2e-4,NA,NA,25536,0.0017,0.352,2.69,12015,1.07,0.188,1.51,3390,0.022,3006,0.0151,10223729,Republican,Divided,1e-5
1975,Korean,102,1e-4,168322,8e-4,50962,2e-4,NA,NA,30070,0.0019,0.349,2.56,12903,1.08,0.169,1.38,3372,0.02,3204,0.0157,11184859,Republican,Divided,1e-5
1976,Korean,127,2e-4,199822,0.001,69425,3e-4,NA,NA,35246,0.0021,0.346,2.45,13851,1.09,0.153,1.27,3431,0.018,4419,0.0188,11012137,Republican,Divided,1e-5
1977,Korean,163,2e-4,234801,0.0011,93126,4e-4,NA,NA,41069,0.0023,0.344,2.34,14855,1.1,0.14,1.19,3649,0.016,5266,0.0197,11285787,Democrat,Unified,1e-5
1978,Korean,211,3e-4,272937,0.0013,121599,5e-4,NA,NA,47547,0.0025,0.341,2.25,15908,1.1,0.13,1.11,4108,0.016,6906,0.0219,11260092,Democrat,Unified,2e-5
1979,Korean,276,3e-4,313908,0.0014,154379,7e-4,NA,NA,54687,0.0027,0.339,2.16,17007,1.1,0.122,1.05,4890,0.017,8237,0.0212,11569899,Democrat,Unified,2e-5
1980,Korean,365,4e-4,357393,0.0016,191000,8e-4,133000,6e-4,62495,0.0029,0.337,2.08,18145,1.1,0.117,1.01,6150,0.02,8832,0.019,12096895,Democrat,Unified,3e-5
1981,Korean,477,5e-4,403009,0.0018,230956,0.001,158447,7e-4,70957,0.0031,0.335,2.01,19317,1.1,0.114,0.98,8192,0.025,10343,0.0209,12371672,Republican,Divided,4e-5
1982,Korean,586,6e-4,450129,0.002,273584,0.0011,184049,8e-4,79970,0.0033,0.334,1.95,20516,1.09,0.112,0.96,10816,0.033,11166,0.0245,12425780,Republican,Divided,5e-5
1983,Korean,660,7e-4,498068,0.0021,318181,0.0013,209714,9e-4,89411,0.0036,0.333,1.89,21734,1.08,0.112,0.95,13677,0.04,13073,0.0285,12464661,Republican,Divided,5e-5
1984,Korean,687,7e-4,546137,0.0023,364045,0.0015,235352,0.001,99156,0.0038,0.333,1.85,22965,1.07,0.114,0.95,16430,0.048,15336,0.0282,12241940,Republican,Divided,6e-5
1985,Korean,730,8e-4,593651,0.0025,410473,0.0017,260873,0.0011,109080,0.004,0.333,1.81,24200,1.06,0.116,0.95,18660,0.054,15969.599999999999,0.0288,12247055,Republican,Divided,6e-5
1986,Korean,875,9e-4,639923,0.0027,456762,0.0019,286185,0.0012,119060,0.0042,0.334,1.78,25432,1.05,0.119,0.97,19891,0.057,19084.2,0.0322,12503511,Republican,Divided,7e-5
1987,Korean,1177,0.0011,684266,0.0028,502210,0.002,311199,0.0013,128973,0.0044,0.335,1.75,26654,1.03,0.123,0.99,20448,0.057,25085.5,0.038,12766642,Republican,Divided,9e-5
1988,Korean,1582,0.0014,725992,0.003,546113,0.0022,335823,0.0013,138693,0.0046,0.338,1.73,27858,1.02,0.128,1.01,20874,0.057,31336.9,0.0408,13055337,Republican,Divided,1.2e-4
1989,Korean,2009,0.0017,764415,0.0031,587770,0.0024,359966,0.0014,148098,0.0047,0.341,1.71,29037,1.01,0.132,1.04,21710,0.056,33195.1,0.0396,13538560,Republican,Divided,1.5e-4
1990,Korean,2375,0.002,798849,0.0032,626478,0.0025,383539,0.0015,157063,0.0049,0.345,1.7,30184,1,0.137,1.07,23362,0.057,32889.6,0.0371,13818637,Republican,Divided,1.7e-4
1991,Korean,2622,0.0022,828910,0.0033,661731,0.0026,406415,0.0016,165573,0.005,0.35,1.69,31292,0.99,0.141,1.1,25720,0.061,32523.300000000003,0.0359,14358953,Republican,Divided,1.8e-4
1992,Korean,2786,0.0023,855434,0.0034,693813,0.0027,428329,0.0016,174050,0.0052,0.356,1.69,32364,0.98,0.145,1.13,28520,0.065,31321.000000000004,0.0321,14487359,Republican,Divided,1.9e-4
1993,Korean,2922,0.0025,879557,0.0034,723205,0.0028,448980,0.0017,183024,0.0053,0.363,1.69,33403,0.97,0.148,1.16,31076,0.069,31899.999999999996,0.0305,14304803,Democrat,Unified,2e-4
1994,Korean,3088,0.0027,902420,0.0035,750389,0.0029,468066,0.0018,193024,0.0054,0.371,1.7,34412,0.97,0.151,1.19,33599,0.074,37654.600000000006,0.0321,14278790,Democrat,Unified,2.2e-4
1995,Korean,3343,0.0029,925160,0.0035,775846,0.003,485288,0.0018,204581,0.0056,0.38,1.71,35395,0.96,0.153,1.21,36231,0.08,49563.899999999994,0.0374,14261781,Democrat,Divided,2.3e-4
1996,Korean,3716,0.0032,948916,0.0036,800056,0.003,500345,0.0019,218225,0.0057,0.389,1.72,36355,0.96,0.154,1.23,37130,0.081,49276,0.0348,14367520,Democrat,Divided,2.6e-4
1997,Korean,4130,0.0036,974827,0.0036,823502,0.0031,512935,0.0019,234486,0.0059,0.4,1.74,37296,0.95,0.154,1.25,42890,0.089,48219.3,0.031,14502334,Democrat,Divided,2.8e-4
1998,Korean,4479,0.0038,1004031,0.0037,846665,0.0031,522758,0.0019,253894,0.0062,0.412,1.76,38221,0.95,0.153,1.26,39199,0.08,40427.1,0.0254,14506967,Democrat,Divided,3.1e-4
1999,Korean,4691,0.0039,1037666,0.0037,870026,0.0032,529513,0.0019,276979,0.0065,0.424,1.78,39133,0.95,0.151,1.26,41191,0.08,54136.80000000001,0.0312,14849691,Democrat,Divided,3.2e-4
2000,Korean,4823,0.0038,1076872,0.0038,894065,0.0032,532900,0.0019,304272,0.0068,0.438,1.8,40037,0.95,0.148,1.25,45685,0.083,68137.70000000001,0.0338,15312289,Democrat,Divided,3.1e-4
2001,Korean,4966,0.0037,1122217,0.0039,919079,0.0032,532792,0.0019,335912,0.0072,0.452,1.82,40936,0.95,0.144,1.23,49046,0.084,57362.2,0.0304,15927987,Republican,Divided,3.1e-4
2002,Korean,5211,0.0037,1171990,0.004,944623,0.0033,529765,0.0018,370482,0.0076,0.467,1.85,41839,0.96,0.138,1.21,51519,0.088,58147.399999999994,0.0311,16611711,Republican,Divided,3.1e-4
2003,Korean,5619,0.0038,1223913,0.0041,970064,0.0033,524568,0.0018,406173,0.0081,0.482,1.87,42755,0.96,0.133,1.18,52484,0.092,61301.98906899999,0.0306,16911481,Republican,Unified,3.3e-4
2004,Korean,6135,0.0041,1275706,0.0042,994772,0.0033,517951,0.0018,441178,0.0085,0.496,1.89,43693,0.96,0.127,1.15,53358,0.094,72354.67307899999,0.0313,17272044,Republican,Unified,3.6e-4
2005,Korean,6672,0.0043,1325090,0.0043,1018115,0.0034,510665,0.0017,473688,0.0089,0.508,1.91,44663,0.97,0.122,1.12,59022,0.105,71353.04703300001,0.0274,17487475,Republican,Unified,3.8e-4
2006,Korean,7146,0.0045,1369784,0.0044,1039463,0.0034,503458,0.0017,501895,0.0092,0.519,1.92,45674,0.98,0.117,1.09,62392,0.107,78022.71111500001,0.0267,17754230,Republican,Unified,4e-4
2007,Korean,7513,0.0046,1407509,0.0045,1058184,0.0034,497082,0.0016,523991,0.0095,0.526,1.93,46736,0.99,0.114,1.06,69124,0.111,81964.021332,0.026,18258138,Republican,Divided,4.1e-4
2008,Korean,7893,0.0047,1435986,0.0046,1073647,0.0035,492285,0.0016,538169,0.0096,0.531,1.92,47857,0.99,0.113,1.04,75065,0.112,82737.749731,0.024,19081686,Republican,Divided,4.1e-4
2009,Korean,8449,0.005,1452935,0.0046,1085220,0.0035,489818,0.0016,542620,0.0095,0.532,1.91,49047,1,0.114,1.04,72153,0.104,67827.516732,0.0256,20313594,Democrat,Unified,4.2e-4
2010,Korean,9289,0.0056,1456076,0.0047,1092273,0.0035,490431,0.0016,535536,0.0093,0.529,1.88,50316,1.01,0.118,1.04,73351,0.101,87695.80824500001,0.0272,21019438,Democrat,Unified,4.4e-4
2011,Korean,10308,0.0063,1449876,0.0047,1093477,0.0035,490971,0.0016,527274,0.009,0.526,1.85,51625,1.02,0.122,1.04,72295,0.095,100122.99549599999,0.0268,21010590,Democrat,Divided,4.9e-4
2012,Korean,11350,0.0071,1450401,0.0046,1079579,0.0034,472856,0.0015,549210,0.009,0.536,1.84,53760,1.05,0.116,0.98,70627,0.086,101181.49170299999,0.0262,20644478,Democrat,Divided,5.5e-4
2013,Korean,12256,0.0079,1446592,0.0046,1054324,0.0033,442816,0.0014,560635,0.009,0.539,1.82,58004,1.11,0.105,0.91,68047,0.077,104019.17970400001,0.0268,20376677,Democrat,Divided,6e-4
2014,Korean,12918,0.0086,1476577,0.0046,1084406,0.0034,460873,0.0014,578648,0.009,0.544,1.81,58573,1.09,0.101,0.89,63710,0.065,114326.453965,0.0284,20209092,Democrat,Divided,6.4e-4
2015,Korean,13425,0.0092,1460483,0.0045,1061271,0.0033,437244,0.0014,583100,0.0088,0.547,1.79,63008,1.13,0.098,0.92,61007,0.058,115259.29380900001,0.0305,19988204,Democrat,Divided,6.7e-4
2016,Korean,13912,0.0098,1438915,0.0045,1045380,0.0032,432787,0.0013,593190,0.0087,0.556,1.78,63677,1.11,0.093,0.93,58663,0.054,112148.96471300001,0.0306,19846904,Democrat,Divided,7e-4
2017,Korean,14504,0.0106,1477282,0.0045,1048468,0.0032,413096,0.0013,623649,0.0088,0.563,1.76,67870,1.12,0.087,0.92,54555,0.05,119772.824479,0.0306,19778151,Republican,Unified,7.3e-4
2018,Korean,15275,0.0116,1468279,0.0045,1034265,0.0032,408535,0.0012,653048,0.009,0.584,1.79,72074,1.16,0.078,0.84,52250,0.048,130557.163543,0.0308,19651412,Republican,Unified,7.8e-4
2019,Korean,16286,0.0128,1461843,0.0045,1024438,0.0031,389286,0.0012,656784,0.0088,0.589,1.78,76674,1.17,0.072,0.84,49809,0.046,133980.620577,0.0321,19630178,Republican,Divided,8.3e-4
2020,Korean,17597,0.0144,1456988,0.0045,1016849,0.003,372784,0.0012,657982,0.0085,0.591,1.75,80704,1.17,0.072,0.87,39491,0.043,126989.15840399999,0.0336,19027410,Republican,Divided,9.2e-4
2021,Korean,19270,0.0163,1445315,0.0044,1006490,0.003,381460,0.0011,683037,0.0086,0.607,1.73,82946,1.19,0.079,0.87,40755,0.043,160960.374303,0.0349,18658756,Democrat,Unified,0.00103
1980,Vietnamese,74,1e-4,245025,0.0011,197588,9e-4,156809,7e-4,13226,6e-4,0.129,0.8,12549,0.76,0.355,3.06,6490,0.021,0,0,12096895,Democrat,Unified,1e-5
1981,Vietnamese,61,1e-4,270892,0.0012,207302,9e-4,148472,7e-4,15765,7e-4,0.137,0.82,13938,0.79,0.347,2.94,6284,0.02,0,0,12371672,Republican,Divided,0
1982,Vietnamese,65,1e-4,299605,0.0013,222701,0.001,146886,7e-4,18596,8e-4,0.144,0.84,15418,0.81,0.338,2.82,5218,0.016,0,0,12425780,Republican,Divided,1e-5
1983,Vietnamese,85,1e-4,331021,0.0015,243421,0.0011,151582,7e-4,21729,9e-4,0.15,0.85,16982,0.84,0.329,2.71,3970,0.011,0,0,12464661,Republican,Divided,1e-5
1984,Vietnamese,117,1e-4,364996,0.0016,269101,0.0012,162089,7e-4,25174,9e-4,0.155,0.86,18625,0.86,0.32,2.6,3220,0.009,0,0,12241940,Republican,Divided,1e-5
1985,Vietnamese,151,2e-4,401387,0.0018,299379,0.0013,177938,8e-4,28941,0.001,0.16,0.87,20340,0.88,0.31,2.49,3270,0.01,0,0,12247055,Republican,Divided,1e-5
1986,Vietnamese,175,2e-4,440050,0.0019,333893,0.0014,198659,8e-4,33039,0.0011,0.164,0.87,22120,0.91,0.3,2.39,3206,0.01,0,0,12503511,Republican,Divided,1e-5
1987,Vietnamese,185,2e-4,480840,0.002,372281,0.0015,223782,9e-4,37479,0.0013,0.167,0.87,23960,0.93,0.289,2.29,2868,0.009,0,0,12766642,Republican,Divided,1e-5
1988,Vietnamese,197,2e-4,523616,0.0022,414181,0.0017,252837,0.001,42270,0.0014,0.17,0.87,25853,0.95,0.278,2.19,2376,0.007,0,0,13055337,Republican,Divided,2e-5
1989,Vietnamese,237,2e-4,568233,0.0023,459231,0.0018,285353,0.0012,47423,0.0015,0.172,0.87,27792,0.97,0.268,2.1,1850,0.005,0,0,13538560,Republican,Divided,2e-5
1990,Vietnamese,327,3e-4,614547,0.0025,507069,0.002,320862,0.0013,52946,0.0016,0.174,0.86,29772,0.99,0.257,2.01,1396,0.003,0,0,13818637,Republican,Divided,2e-5
1991,Vietnamese,481,4e-4,662398,0.0027,557284,0.0022,358823,0.0014,58854,0.0017,0.175,0.85,31780,1.01,0.246,1.92,1054,0.002,0,0,14358953,Republican,Divided,3e-5
1992,Vietnamese,668,6e-4,711558,0.0028,609266,0.0024,398415,0.0016,65178,0.0019,0.177,0.85,33785,1.03,0.236,1.84,835,0.002,4.6000000000000005,0,14487359,Republican,Divided,5e-5
1993,Vietnamese,846,7e-4,761782,0.003,662356,0.0025,438748,0.0017,71951,0.002,0.178,0.84,35746,1.05,0.225,1.77,746,0.002,7.000000000000001,0,14304803,Democrat,Unified,6e-5
1994,Vietnamese,974,9e-4,812823,0.0031,715894,0.0027,478932,0.0019,79208,0.0021,0.179,0.83,37628,1.06,0.215,1.69,794,0.002,223.39999999999998,2e-4,14278790,Democrat,Unified,7e-5
1995,Vietnamese,1010,9e-4,864438,0.0033,769221,0.0029,518076,0.002,86982,0.0023,0.18,0.82,39390,1.07,0.205,1.62,922,0.002,451.3,3e-4,14261781,Democrat,Divided,7e-5
1996,Vietnamese,940,9e-4,916381,0.0034,821679,0.0031,555290,0.0021,95309,0.0024,0.182,0.81,40996,1.08,0.195,1.56,975,0.002,948.4000000000001,7e-4,14367520,Democrat,Divided,7e-5
1997,Vietnamese,862,8e-4,968407,0.0036,872607,0.0032,589683,0.0022,104222,0.0025,0.184,0.81,42406,1.09,0.186,1.5,1210,0.003,675.0999999999999,4e-4,14502334,Democrat,Divided,6e-5
1998,Vietnamese,899,8e-4,1020270,0.0037,921347,0.0034,620364,0.0023,113755,0.0027,0.187,0.8,43583,1.09,0.177,1.45,1587,0.003,828,5e-4,14506967,Democrat,Divided,6e-5
1999,Vietnamese,1138,9e-4,1071725,0.0039,967240,0.0035,646443,0.0024,123943,0.0028,0.19,0.8,44489,1.08,0.168,1.4,2266,0.004,899.9000000000001,5e-4,14849691,Democrat,Divided,8e-5
2000,Vietnamese,1511,0.0012,1122528,0.004,1009625,0.0036,667030,0.0024,134820,0.003,0.194,0.8,45085,1.07,0.16,1.36,2022,0.004,1188.8,6e-4,15312289,Democrat,Divided,1e-4
2001,Vietnamese,1913,0.0014,1172517,0.0041,1048092,0.0037,681584,0.0024,146400,0.0032,0.199,0.8,45360,1.05,0.153,1.32,2531,0.004,1513.6000000000001,8e-4,15927987,Republican,Divided,1.2e-4
2002,Vietnamese,2236,0.0016,1221871,0.0042,1083220,0.0038,690968,0.0024,158615,0.0033,0.205,0.81,45408,1.03,0.146,1.29,2722,0.005,2974.8,0.0016,16611711,Republican,Divided,1.3e-4
2003,Vietnamese,2404,0.0017,1270853,0.0044,1115836,0.0038,696394,0.0023,171379,0.0035,0.211,0.82,45350,1.01,0.14,1.27,3165,0.006,5878.619244,0.0029,16911481,Republican,Unified,1.4e-4
2004,Vietnamese,2456,0.0017,1319725,0.0045,1146768,0.0039,699074,0.0022,184603,0.0036,0.217,0.82,45308,0.99,0.135,1.24,3670,0.006,6380.764227000001,0.0028,17272044,Republican,Unified,1.4e-4
2005,Vietnamese,2461,0.0016,1368750,0.0046,1176842,0.0039,700220,0.0022,198200,0.0038,0.224,0.84,45401,0.97,0.131,1.23,4597,0.008,7824.310936,0.003,17487475,Republican,Unified,1.4e-4
2006,Vietnamese,2485,0.0016,1418190,0.0047,1206886,0.004,701045,0.0022,212083,0.004,0.231,0.85,45753,0.96,0.128,1.21,6036,0.01,9666.947309,0.0033,17754230,Republican,Unified,1.4e-4
2007,Vietnamese,2574,0.0016,1468309,0.0049,1237726,0.004,702761,0.0021,226163,0.0041,0.237,0.86,46483,0.96,0.127,1.2,8769,0.014,12535.876942,0.004,18258138,Republican,Divided,1.4e-4
2008,Vietnamese,2674,0.0016,1519370,0.005,1270191,0.0041,706582,0.0021,240355,0.0043,0.243,0.87,47712,0.97,0.127,1.19,12823,0.019,15690.546649,0.0045,19081686,Republican,Divided,1.4e-4
2009,Vietnamese,2712,0.0016,1571634,0.0051,1305106,0.0042,713718,0.0022,254569,0.0045,0.248,0.88,49562,1,0.129,1.18,13112,0.019,15385.010853999998,0.0058,20313594,Democrat,Unified,1.3e-4
2010,Vietnamese,2632,0.0015,1625365,0.0053,1343300,0.0043,725382,0.0023,268719,0.0047,0.252,0.89,52153,1.04,0.132,1.17,14888,0.021,18573.404391999997,0.0058,21019438,Democrat,Unified,1.3e-4
2011,Vietnamese,2467,0.0014,1669447,0.0054,1377638,0.0044,734281,0.0024,279926,0.0048,0.254,0.89,54670,1.08,0.137,1.17,15572,0.02,21803.060648,0.0058,21010590,Democrat,Divided,1.2e-4
2012,Vietnamese,2270,0.0014,1675246,0.0053,1382539,0.0044,716155,0.0023,287086,0.0047,0.257,0.88,55022,1.07,0.14,1.19,16098,0.02,24890.559544,0.0064,20644478,Democrat,Divided,1.1e-4
2013,Vietnamese,2097,0.0013,1692760,0.0054,1382274,0.0044,704960,0.0022,316841,0.0051,0.279,0.94,57441,1.1,0.134,1.16,16579,0.019,29687.799593,0.0076,20376677,Democrat,Divided,1e-4
2014,Vietnamese,1988,0.0013,1714143,0.0054,1405697,0.0044,722528,0.0023,335397,0.0052,0.284,0.94,59405,1.11,0.128,1.13,18722,0.019,36350.123152,0.009,20209092,Democrat,Divided,1e-4
2015,Vietnamese,1936,0.0013,1738848,0.0054,1421196,0.0044,726231,0.0023,339546,0.0051,0.285,0.93,60983,1.09,0.125,1.18,21403,0.021,45115.501049,0.0119,19988204,Democrat,Divided,1e-4
2016,Vietnamese,1922,0.0014,1803575,0.0056,1466322,0.0045,736094,0.0023,355861,0.0052,0.286,0.91,62958,1.09,0.111,1.11,22438,0.021,52183.893855,0.0142,19846904,Democrat,Divided,1e-4
2017,Vietnamese,1928,0.0015,1826998,0.0056,1456939,0.0045,712443,0.0022,387702,0.0055,0.304,0.95,64586,1.07,0.107,1.13,24325,0.022,54611.462205,0.014,19778151,Republican,Unified,1e-4
2018,Vietnamese,1951,0.0016,1862395,0.0057,1484174,0.0045,715372,0.0022,409678,0.0056,0.313,0.96,67331,1.09,0.105,1.13,24392,0.022,58815.044074000005,0.0139,19651412,Republican,Unified,1e-4
2019,Vietnamese,1989,0.0016,1873707,0.0057,1513311,0.0046,729416,0.0022,428493,0.0058,0.32,0.97,72161,1.1,0.083,0.97,23777,0.022,77259.44607399999,0.0185,19630178,Republican,Divided,1e-4
2020,Vietnamese,2042,0.0017,1877524,0.0057,1513660,0.0046,728972,0.0022,445968,0.0059,0.328,0.98,76583,1.11,0.071,0.89,21631,0.024,89497.726824,0.0237,19027410,Republican,Divided,1.1e-4
2021,Vietnamese,2109,0.0018,1896690,0.0057,1458277,0.0044,689765,0.0021,462866,0.0058,0.339,0.97,77884,1.12,0.104,1.14,20713,0.022,112936.32467099998,0.0245,18658756,Democrat,Unified,1.1e-4
