Year,Language,Lan_UsPct,Lan_UsPct_avg3,Lan_UsPct_avg4,Lan_UsPct_avg5,Lang_Enrol_Pct_avg3,Lang_Enrol_Pct_avg4,Lang_Enrol_Pct_avg5,Eng_LesVw_Pop_UsPct_avg3,Eng_LesVw_Pop_UsPct_avg4,Eng_LesVw_Pop_UsPct_avg5,HEdu_Pct_avg3,HEdu_Pct_avg4,HEdu_Pct_avg5,Inc_Ratio_avg3,Inc_Ratio_avg4,Inc_Ratio_avg5,Pvt_Ratio_avg3,Pvt_Ratio_avg4,Pvt_Ratio_avg5,Intl_Stud_Pct_avg3,Intl_Stud_Pct_avg4,Intl_Stud_Pct_avg5,Trade_Pct_avg3,Trade_Pct_avg4,Trade_Pct_avg5
1958,Chinese,0.019,NA,NA,NA,NA,NA,NA,NA,NA,NA,NA,NA,NA,NA,NA,NA,NA,NA,NA,NA,NA,NA,NA,NA,NA
1959,Chinese,0.026,NA,NA,NA,NA,NA,NA,NA,NA,NA,NA,NA,NA,NA,NA,NA,NA,NA,NA,NA,NA,NA,NA,NA,NA
1960,Chinese,0.051000000000000004,NA,NA,NA,NA,NA,NA,NA,NA,NA,NA,NA,NA,NA,NA,NA,NA,NA,NA,NA,NA,NA,NA,NA,NA
1961,Chinese,0.053,0.032,NA,NA,0.207,NA,NA,NA,NA,NA,15.6,NA,NA,-0.01,NA,NA,-0.147,NA,NA,0,NA,NA,0,NA,NA
1962,Chinese,0.055,0.043,0.037,NA,0.273,0.24,NA,NA,NA,NA,18.1,16.75,NA,-0.007,-0.008,NA,-0.13,-0.138,NA,0,0,NA,0,0,NA
1963,Chinese,0.051000000000000004,0.053,0.046,0.041,0.32,0.285,0.256,NA,NA,NA,20.067,19,17.74,0,-0.003,-0.004,-0.11,-0.12,-0.128,0,0,0,0,0,0
1964,Chinese,0.053,0.053,0.053,0.047,0.32,0.315,0.288,NA,NA,NA,21.533,20.725,19.74,0.01,0.005,0.002,-0.09,-0.1,-0.11,0,0,0,0,0,0
1965,Chinese,0.056999999999999995,0.053,0.053,0.053,0.307,0.315,0.312,NA,NA,NA,22.6,22,21.26,0.02,0.015,0.01,-0.07,-0.08,-0.09,0,0,0,0,0,0
1966,Chinese,0.062,0.054,0.054,0.054,0.307,0.31,0.316,NA,NA,NA,23.333,22.925,22.38,0.033,0.028,0.022,-0.047,-0.057,-0.068,0,0,0,0,0,0
1967,Chinese,0.066,0.057,0.056,0.056,0.327,0.32,0.32,NA,NA,NA,23.833,23.55,23.18,0.047,0.04,0.034,-0.023,-0.035,-0.046,0,0,0,0,0,0
1968,Chinese,0.067,0.062,0.06,0.058,0.363,0.348,0.338,NA,NA,NA,24.2,24,23.74,0.063,0.055,0.048,0,-0.013,-0.024,0,0,0,0,0,0
1969,Chinese,0.06899999999999999,0.065,0.063,0.061,0.407,0.385,0.368,NA,NA,NA,24.5,24.35,24.16,0.077,0.07,0.062,0.023,0.013,0,0,0,0,0,0,0
1970,Chinese,0.073,0.067,0.066,0.064,0.447,0.425,0.404,NA,NA,NA,24.8,24.65,24.5,0.093,0.085,0.078,0.047,0.035,0.024,0,0,0,0,0,0
1971,Chinese,0.083,0.07,0.069,0.067,0.49,0.47,0.448,NA,NA,NA,25.167,25,24.84,0.107,0.1,0.092,0.07,0.058,0.046,0,0,0,0,0,0
1972,Chinese,0.095,0.075,0.073,0.072,0.567,0.537,0.512,NA,NA,NA,25.667,25.45,25.26,0.12,0.113,0.106,0.09,0.08,0.068,0,0,0,0.003,0.002,0.002
1973,Chinese,0.104,0.084,0.08,0.077,0.69,0.637,0.6,NA,NA,NA,26.4,26.075,25.82,0.13,0.125,0.118,0.11,0.1,0.09,0,0,0,0.033,0.025,0.02
1974,Chinese,0.104,0.094,0.089,0.085,0.85,0.772,0.714,NA,NA,NA,27.3,26.875,26.52,0.14,0.135,0.13,0.127,0.117,0.108,0,0,0,0.213,0.16,0.128
1975,Chinese,0.094,0.101,0.096,0.092,0.997,0.917,0.842,NA,NA,NA,28.367,27.85,27.4,0.147,0.142,0.138,0.14,0.132,0.124,0,0,0,0.363,0.275,0.22
1976,Chinese,0.092,0.101,0.099,0.096,1.09,1.03,0.96,NA,NA,NA,29.533,28.975,28.44,0.153,0.15,0.146,0.15,0.145,0.138,0.033,0.025,0.02,0.41,0.33,0.266
1977,Chinese,0.087,0.097,0.098,0.098,1.11,1.087,1.04,NA,NA,NA,30.8,30.175,29.6,0.157,0.155,0.152,0.16,0.155,0.15,0.067,0.05,0.04,0.277,0.342,0.292
1978,Chinese,0.089,0.091,0.094,0.096,1.087,1.095,1.08,NA,NA,NA,32.1,31.45,30.82,0.163,0.16,0.158,0.167,0.162,0.158,0.133,0.1,0.08,0.17,0.242,0.302
1979,Chinese,0.092,0.089,0.09,0.093,1.07,1.085,1.092,NA,NA,NA,33.367,32.725,32.08,0.167,0.165,0.162,0.17,0.167,0.164,0.167,0.15,0.12,0.213,0.217,0.266
1980,Chinese,0.094,0.089,0.09,0.091,1.097,1.092,1.1,NA,NA,NA,34.567,33.95,33.32,0.173,0.17,0.168,0.17,0.17,0.168,0.233,0.2,0.18,0.367,0.31,0.294
1981,Chinese,0.096,0.092,0.09,0.091,1.157,1.13,1.12,NA,NA,NA,35.633,35.075,34.48,0.177,0.175,0.172,0.167,0.167,0.168,0.467,0.4,0.34,0.663,0.532,0.454
1982,Chinese,0.1,0.094,0.093,0.092,1.22,1.185,1.158,NA,NA,NA,36.567,36.075,35.54,0.18,0.177,0.176,0.16,0.162,0.164,0.867,0.7,0.6,0.91,0.772,0.646
1983,Chinese,0.106,0.097,0.096,0.094,1.27,1.242,1.21,0.13,NA,NA,37.333,36.925,36.46,0.183,0.182,0.18,0.147,0.152,0.156,1.367,1.1,0.92,1.09,0.968,0.846
1984,Chinese,0.117,0.101,0.099,0.098,1.317,1.295,1.268,0.15,0.14,NA,37.933,37.6,37.22,0.19,0.187,0.186,0.133,0.14,0.146,1.833,1.6,1.34,1.067,1.058,0.966
1985,Chinese,0.128,0.108,0.105,0.103,1.387,1.357,1.332,0.17,0.16,0.15,38.4,38.15,37.84,0.197,0.192,0.19,0.117,0.125,0.132,2.367,2.125,1.88,1.073,1.08,1.07
1986,Chinese,0.135,0.117,0.113,0.109,1.483,1.44,1.406,0.19,0.18,0.17,38.767,38.575,38.34,0.203,0.2,0.196,0.103,0.11,0.118,3.133,2.8,2.52,1.157,1.152,1.142
1987,Chinese,0.13799999999999998,0.127,0.122,0.117,1.587,1.532,1.488,0.21,0.2,0.19,39.067,38.9,38.72,0.207,0.205,0.202,0.09,0.098,0.104,4.1,3.65,3.28,1.28,1.2,1.188
1988,Chinese,0.13899999999999998,0.134,0.13,0.125,1.657,1.612,1.564,0.23,0.22,0.21,39.333,39.2,39.04,0.21,0.207,0.206,0.08,0.085,0.092,5.2,4.65,4.18,1.4,1.33,1.256
1989,Chinese,0.13799999999999998,0.137,0.135,0.131,1.677,1.658,1.622,0.247,0.238,0.228,39.6,39.475,39.34,0.21,0.21,0.208,0.073,0.078,0.082,6.3,5.75,5.2,1.523,1.49,1.416
1990,Chinese,0.14100000000000001,0.138,0.137,0.136,1.66,1.665,1.652,0.263,0.255,0.246,39.9,39.75,39.62,0.21,0.21,0.21,0.073,0.075,0.078,7.433,6.875,6.32,1.787,1.672,1.616
1991,Chinese,0.14300000000000002,0.139,0.139,0.138,1.643,1.655,1.66,0.28,0.272,0.264,40.267,40.1,39.94,0.21,0.21,0.21,0.08,0.078,0.078,8.567,8,7.44,2.047,1.905,1.79
1992,Chinese,0.152,0.141,0.14,0.14,1.663,1.663,1.668,0.3,0.29,0.282,40.733,40.525,40.34,0.21,0.21,0.21,0.093,0.088,0.084,9.5,8.975,8.44,2.39,2.232,2.082
1993,Chinese,0.166,0.145,0.144,0.143,1.743,1.715,1.704,0.317,0.308,0.298,41.3,41.025,40.8,0.207,0.207,0.208,0.113,0.105,0.098,10.067,9.7,9.24,2.817,2.643,2.466
1994,Chinese,0.17600000000000002,0.154,0.151,0.148,1.873,1.815,1.778,0.333,0.325,0.316,41.967,41.65,41.36,0.2,0.202,0.204,0.14,0.128,0.118,10.133,10.025,9.74,3.347,3.075,2.884
1995,Chinese,0.186,0.165,0.159,0.156,2.03,1.952,1.89,0.347,0.34,0.332,42.7,42.35,42.02,0.193,0.197,0.2,0.17,0.155,0.142,9.633,9.775,9.76,3.783,3.535,3.28
1996,Chinese,0.19,0.176,0.17,0.165,2.18,2.102,2.026,0.36,0.353,0.346,43.5,43.1,42.74,0.187,0.19,0.194,0.197,0.182,0.168,9.1,9.4,9.56,4.093,3.92,3.694
1997,Chinese,0.193,0.184,0.18,0.174,2.3,2.232,2.16,0.373,0.368,0.36,44.333,43.925,43.52,0.183,0.185,0.188,0.22,0.207,0.194,8.9,9.15,9.38,4.307,4.192,4.034
1998,Chinese,0.196,0.19,0.186,0.182,2.373,2.328,2.268,0.387,0.38,0.374,45.167,44.75,44.34,0.18,0.182,0.184,0.233,0.225,0.214,9.267,9.125,9.28,4.557,4.443,4.324
1999,Chinese,0.196,0.193,0.191,0.188,2.4,2.38,2.342,0.397,0.39,0.384,46,45.575,45.16,0.183,0.182,0.184,0.237,0.232,0.226,9.833,9.55,9.38,4.903,4.76,4.628
2000,Chinese,0.197,0.195,0.194,0.192,2.393,2.393,2.378,0.403,0.4,0.394,46.767,46.375,45.96,0.19,0.187,0.186,0.223,0.227,0.226,10.267,10.025,9.76,5.23,5.045,4.902
2001,Chinese,0.199,0.196,0.196,0.194,2.373,2.383,2.384,0.407,0.405,0.402,47.467,47.1,46.72,0.203,0.197,0.194,0.19,0.202,0.21,10.633,10.425,10.2,5.533,5.362,5.188
2002,Chinese,0.20600000000000002,0.197,0.197,0.196,2.363,2.372,2.38,0.41,0.408,0.406,48.067,47.75,47.4,0.22,0.212,0.206,0.133,0.157,0.174,10.767,10.675,10.5,5.89,5.76,5.578
2003,Chinese,0.22399999999999998,0.201,0.2,0.199,2.39,2.385,2.388,0.41,0.41,0.408,48.567,48.3,48,0.243,0.232,0.224,0.053,0.09,0.118,10.9,10.825,10.74,6.69,6.385,6.182
2004,Chinese,0.244,0.21,0.207,0.204,2.477,2.445,2.43,0.407,0.408,0.408,49,48.775,48.52,0.27,0.258,0.246,-0.04,0.005,0.044,10.867,10.875,10.82,7.78,7.275,6.914
2005,Chinese,0.268,0.225,0.218,0.214,2.627,2.562,2.52,0.403,0.405,0.406,49.367,49.175,48.96,0.3,0.285,0.272,-0.14,-0.09,-0.044,10.967,10.925,10.92,8.967,8.335,7.82
2006,Chinese,0.29,0.245,0.236,0.228,2.83,2.735,2.662,0.4,0.402,0.404,49.667,49.5,49.32,0.327,0.313,0.298,-0.237,-0.188,-0.138,11,11,10.96,9.98,9.453,8.85
2007,Chinese,0.305,0.267,0.256,0.246,3.05,2.94,2.842,0.397,0.398,0.4,49.933,49.8,49.64,0.35,0.338,0.324,-0.32,-0.275,-0.228,11.267,11.15,11.12,10.87,10.41,9.902
2008,Chinese,0.31,0.288,0.277,0.266,3.257,3.148,3.04,0.393,0.395,0.396,50.2,50.075,49.94,0.367,0.358,0.346,-0.377,-0.342,-0.302,11.9,11.7,11.52,11.603,11.203,10.768
2009,Chinese,0.304,0.302,0.293,0.283,3.43,3.337,3.234,0.39,0.392,0.394,50.533,50.375,50.24,0.373,0.368,0.36,-0.397,-0.38,-0.352,13.067,12.575,12.28,11.903,11.655,11.324
2010,Chinese,0.302,0.306,0.302,0.295,3.57,3.495,3.408,0.39,0.39,0.392,50.9,50.725,50.56,0.363,0.365,0.362,-0.37,-0.375,-0.366,15.367,14.425,13.76,12.603,12.378,12.084
2011,Chinese,0.304,0.305,0.305,0.302,3.69,3.628,3.556,0.393,0.392,0.392,51.333,51.125,50.94,0.337,0.348,0.352,-0.29,-0.32,-0.334,18.3,16.975,15.9,13.253,12.99,12.732
2012,Chinese,0.308,0.303,0.305,0.305,3.793,3.74,3.68,0.4,0.397,0.396,51.8,51.575,51.36,0.3,0.318,0.33,-0.17,-0.225,-0.262,21.9,20.075,18.66,13.807,13.307,13.086
2013,Chinese,0.305,0.305,0.304,0.306,3.88,3.832,3.782,0.41,0.405,0.402,52.233,52,51.78,0.283,0.298,0.312,-0.1,-0.153,-0.2,25.3,23.6,21.8,13.83,13.822,13.42
2014,Chinese,0.297,0.306,0.305,0.305,3.94,3.905,3.862,0.417,0.412,0.408,52.767,52.525,52.28,0.283,0.288,0.298,-0.073,-0.098,-0.14,28.367,26.725,25.08,13.933,13.987,13.95
2015,Chinese,0.28700000000000003,0.303,0.304,0.303,3.963,3.945,3.916,0.423,0.42,0.416,53.133,52.925,52.7,0.297,0.288,0.29,-0.083,-0.07,-0.09,30.3,29.075,27.62,14.353,14.133,14.136
2016,Chinese,0.27499999999999997,0.296,0.299,0.3,3.95,3.95,3.938,0.437,0.432,0.428,53.8,53.5,53.26,0.293,0.293,0.286,-0.06,-0.07,-0.062,31.233,30.6,29.56,15.007,14.722,14.472
2017,Chinese,0.262,0.286,0.291,0.294,3.907,3.925,3.93,0.45,0.442,0.438,54.4,54.15,53.84,0.287,0.29,0.29,-0.017,-0.035,-0.048,31.733,31.55,30.98,15.443,15.198,14.932
2018,Chinese,0.251,0.275,0.28,0.285,3.853,3.88,3.9,0.46,0.452,0.446,55.033,54.625,54.38,0.28,0.285,0.288,0.017,-0.003,-0.02,32.4,32.1,31.88,15.943,15.64,15.404
2019,Chinese,0.242,0.263,0.269,0.274,3.807,3.832,3.858,0.45,0.452,0.448,55.9,55.575,55.14,0.293,0.29,0.292,0.02,0.008,-0.006,33.133,32.725,32.42,15.853,15.848,15.624
2020,Chinese,0.245,0.252,0.258,0.263,3.783,3.8,3.822,0.44,0.445,0.448,56.733,56.35,56,0.303,0.298,0.294,-0.013,0,-0.006,33.833,33.5,33.1,15.04,15.222,15.344
2021,Chinese,0.25,0.246,0.25,0.255,3.793,3.795,3.806,0.43,0.438,0.442,57.533,56.975,56.62,0.307,0.3,0.296,-0.04,-0.02,-0.008,34.333,34.05,33.74,14.543,14.965,15.126
1958,Filipino,0,NA,NA,NA,NA,NA,NA,NA,NA,NA,NA,NA,NA,NA,NA,NA,NA,NA,NA,NA,NA,NA,NA,NA,NA
1959,Filipino,0,NA,NA,NA,NA,NA,NA,NA,NA,NA,NA,NA,NA,NA,NA,NA,NA,NA,NA,NA,NA,NA,NA,NA,NA
1960,Filipino,0,NA,NA,NA,NA,NA,NA,NA,NA,NA,NA,NA,NA,NA,NA,NA,NA,NA,NA,NA,NA,NA,NA,NA,NA
1961,Filipino,-0,0,NA,NA,0,NA,NA,NA,NA,NA,7.267,NA,NA,-0.157,NA,NA,-0.173,NA,NA,3.6,NA,NA,1.783,NA,NA
1962,Filipino,0,0,0,NA,0,0,NA,NA,NA,NA,8.967,8.1,NA,-0.187,-0.17,NA,-0.177,-0.173,NA,3.333,3.475,NA,1.783,1.797,NA
1963,Filipino,0,0,0,0,0,0,0,NA,NA,NA,10.533,9.725,8.88,-0.203,-0.192,-0.178,-0.163,-0.168,-0.166,3.167,3.275,3.4,1.703,1.725,1.748
1964,Filipino,0,0,0,0,0,0,0,NA,NA,NA,12,11.25,10.46,-0.21,-0.205,-0.196,-0.137,-0.148,-0.154,3.1,3.15,3.24,1.69,1.698,1.716
1965,Filipino,0,0,0,0,0,0,0,NA,NA,NA,13.367,12.675,11.94,-0.203,-0.205,-0.202,-0.1,-0.118,-0.13,3.067,3.075,3.12,1.63,1.682,1.69
1966,Filipino,0,0,0,0,0,0,0,NA,NA,NA,14.667,14,13.32,-0.19,-0.195,-0.198,-0.057,-0.078,-0.096,3,3.025,3.04,1.593,1.582,1.634
1967,Filipino,0,0,0,0,0,0,0,NA,NA,NA,15.933,15.3,14.64,-0.17,-0.18,-0.186,-0.013,-0.035,-0.056,2.867,2.925,2.96,1.473,1.525,1.53
1968,Filipino,0,0,0,0,0,0,0,NA,NA,NA,17.167,16.55,15.92,-0.147,-0.158,-0.168,0.03,0.008,-0.014,2.7,2.775,2.84,1.38,1.45,1.496
1969,Filipino,0,0,0,0,0,0,0,NA,NA,NA,18.433,17.8,17.18,-0.117,-0.13,-0.142,0.067,0.048,0.026,2.5,2.6,2.68,1.327,1.355,1.416
1970,Filipino,0,0,0,0,0,0,0,NA,NA,NA,19.733,19.1,18.46,-0.083,-0.1,-0.114,0.097,0.08,0.062,2.3,2.4,2.5,1.247,1.265,1.3
1971,Filipino,0.001,0,0,0,0,0,0,NA,NA,NA,21.1,20.425,19.78,-0.047,-0.065,-0.082,0.113,0.103,0.088,2.133,2.225,2.32,1.127,1.19,1.216
1972,Filipino,0.002,0,0,0,0.003,0.002,0.002,NA,NA,NA,22.533,21.825,21.14,-0.01,-0.027,-0.046,0.117,0.113,0.104,2,2.075,2.16,1.01,1.078,1.138
1973,Filipino,0.003,0.001,0.001,0.001,0.007,0.005,0.004,NA,NA,NA,24.033,23.3,22.58,0.027,0.008,-0.01,0.1,0.105,0.104,1.9,1.95,2.02,0.92,0.96,1.024
1974,Filipino,0.003,0.002,0.002,0.001,0.013,0.01,0.008,NA,NA,NA,25.6,24.825,24.08,0.063,0.045,0.026,0.07,0.083,0.09,1.767,1.825,1.88,0.857,0.897,0.934
1975,Filipino,0.003,0.003,0.002,0.002,0.02,0.018,0.014,NA,NA,NA,27.233,26.425,25.64,0.097,0.08,0.062,0.027,0.048,0.062,1.6,1.675,1.74,0.853,0.872,0.902
1976,Filipino,0.003,0.003,0.003,0.002,0.027,0.022,0.02,NA,NA,NA,28.867,28.05,27.24,0.133,0.115,0.098,-0.023,0,0.022,1.4,1.5,1.58,0.843,0.835,0.854
1977,Filipino,0.002,0.003,0.003,0.003,0.03,0.028,0.024,NA,NA,NA,30.467,29.65,28.84,0.167,0.15,0.132,-0.083,-0.055,-0.03,1.233,1.325,1.42,0.807,0.812,0.812
1978,Filipino,0.002,0.003,0.003,0.003,0.03,0.03,0.028,NA,NA,NA,32,31.225,30.42,0.2,0.182,0.166,-0.147,-0.115,-0.086,1.1,1.175,1.26,0.747,0.79,0.798
1979,Filipino,0.002,0.002,0.002,0.003,0.03,0.03,0.03,NA,NA,NA,33.433,32.7,31.94,0.23,0.215,0.198,-0.213,-0.18,-0.148,1.033,1.075,1.14,0.723,0.738,0.774
1980,Filipino,0.002,0.002,0.002,0.002,0.03,0.03,0.03,NA,NA,NA,34.767,34.075,33.36,0.26,0.245,0.23,-0.277,-0.245,-0.212,1,1.025,1.06,0.747,0.74,0.748
1981,Filipino,0.002,0.002,0.002,0.002,0.03,0.03,0.03,NA,NA,NA,35.933,35.325,34.66,0.29,0.275,0.26,-0.337,-0.305,-0.274,1.033,1.025,1.04,0.767,0.76,0.752
1982,Filipino,0.002,0.002,0.002,0.002,0.03,0.03,0.03,NA,NA,NA,36.933,36.4,35.82,0.317,0.303,0.288,-0.387,-0.36,-0.33,1.1,1.075,1.06,0.783,0.765,0.76
1983,Filipino,0.001,0.002,0.002,0.002,0.027,0.028,0.028,0.1,NA,NA,37.7,37.275,36.78,0.343,0.33,0.316,-0.427,-0.405,-0.38,1.167,1.125,1.1,0.787,0.788,0.772
1984,Filipino,0.001,0.002,0.002,0.002,0.023,0.025,0.026,0.1,0.1,NA,38.3,37.975,37.58,0.367,0.355,0.342,-0.46,-0.442,-0.422,1.167,1.15,1.12,0.797,0.797,0.796
1985,Filipino,0.002,0.001,0.002,0.002,0.02,0.022,0.024,0.1,0.1,0.1,38.7,38.475,38.18,0.39,0.378,0.366,-0.483,-0.47,-0.454,1.133,1.15,1.14,0.8,0.79,0.792
1986,Filipino,0.002,0.001,0.002,0.002,0.02,0.02,0.022,0.103,0.103,0.102,39,38.825,38.62,0.407,0.397,0.386,-0.5,-0.49,-0.478,1.1,1.125,1.14,0.747,0.76,0.76
1987,Filipino,0.002,0.002,0.002,0.002,0.02,0.02,0.02,0.107,0.105,0.104,39.167,39.075,38.92,0.42,0.412,0.404,-0.51,-0.505,-0.496,1.133,1.125,1.14,0.657,0.7,0.72
1988,Filipino,0.002,0.002,0.002,0.002,0.02,0.02,0.02,0.11,0.108,0.106,39.267,39.2,39.12,0.43,0.425,0.418,-0.517,-0.512,-0.508,1.2,1.175,1.16,0.597,0.64,0.678
1989,Filipino,0.002,0.002,0.002,0.002,0.02,0.02,0.02,0.11,0.11,0.108,39.3,39.275,39.22,0.44,0.435,0.43,-0.517,-0.515,-0.512,1.267,1.225,1.2,0.58,0.595,0.63
1990,Filipino,0.002,0.002,0.002,0.002,0.023,0.022,0.022,0.113,0.112,0.112,39.3,39.3,39.28,0.45,0.445,0.44,-0.513,-0.515,-0.514,1.267,1.25,1.22,0.603,0.593,0.602
1991,Filipino,0.003,0.002,0.002,0.002,0.027,0.025,0.024,0.117,0.115,0.114,39.3,39.3,39.3,0.457,0.452,0.448,-0.507,-0.51,-0.512,1.167,1.2,1.2,0.627,0.617,0.606
1992,Filipino,0.003,0.002,0.002,0.002,0.033,0.03,0.028,0.12,0.117,0.116,39.333,39.325,39.32,0.46,0.457,0.454,-0.5,-0.502,-0.506,1.033,1.1,1.14,0.64,0.627,0.62
1993,Filipino,0.004,0.003,0.002,0.002,0.037,0.035,0.032,0.123,0.122,0.12,39.4,39.375,39.36,0.46,0.46,0.458,-0.49,-0.495,-0.498,0.9,0.975,1.04,0.673,0.662,0.648
1994,Filipino,0.004,0.003,0.003,0.003,0.043,0.04,0.038,0.127,0.125,0.124,39.533,39.475,39.44,0.457,0.457,0.458,-0.483,-0.488,-0.492,0.833,0.875,0.94,0.72,0.705,0.69
1995,Filipino,0.005,0.004,0.004,0.003,0.047,0.045,0.042,0.13,0.128,0.126,39.733,39.65,39.58,0.453,0.455,0.456,-0.477,-0.48,-0.484,0.8,0.825,0.86,0.783,0.745,0.728
1996,Filipino,0.005,0.004,0.004,0.004,0.053,0.05,0.048,0.13,0.13,0.128,40.033,39.9,39.8,0.447,0.45,0.452,-0.473,-0.475,-0.478,0.767,0.775,0.8,0.85,0.82,0.782
1997,Filipino,0.005,0.005,0.005,0.004,0.057,0.055,0.052,0.133,0.132,0.132,40.433,40.25,40.1,0.443,0.445,0.448,-0.467,-0.47,-0.472,0.7,0.725,0.74,0.92,0.89,0.858
1998,Filipino,0.005,0.005,0.005,0.005,0.063,0.06,0.058,0.137,0.135,0.134,40.9,40.675,40.48,0.44,0.442,0.444,-0.463,-0.465,-0.468,0.633,0.675,0.7,1.03,0.978,0.942
1999,Filipino,0.006,0.005,0.005,0.005,0.067,0.065,0.062,0.14,0.137,0.136,41.467,41.2,40.96,0.437,0.437,0.44,-0.46,-0.462,-0.464,0.6,0.625,0.66,1.113,1.067,1.018
2000,Filipino,0.006,0.005,0.005,0.005,0.07,0.067,0.066,0.14,0.14,0.138,42.133,41.825,41.54,0.437,0.437,0.438,-0.46,-0.46,-0.462,0.6,0.6,0.62,1.153,1.117,1.08
2001,Filipino,0.006,0.006,0.005,0.005,0.07,0.07,0.068,0.14,0.14,0.14,42.933,42.55,42.22,0.437,0.437,0.438,-0.463,-0.462,-0.462,0.6,0.6,0.6,1.147,1.148,1.12
2002,Filipino,0.006999999999999999,0.006,0.006,0.006,0.073,0.072,0.072,0.14,0.14,0.14,43.833,43.4,43,0.443,0.44,0.44,-0.47,-0.467,-0.466,0.6,0.6,0.6,1.09,1.112,1.12
2003,Filipino,0.008,0.006,0.006,0.006,0.077,0.075,0.074,0.14,0.14,0.14,44.833,44.35,43.9,0.45,0.447,0.444,-0.48,-0.475,-0.472,0.6,0.6,0.6,1.04,1.062,1.086
2004,Filipino,0.008,0.007,0.007,0.007,0.083,0.08,0.078,0.137,0.137,0.138,45.867,45.35,44.86,0.46,0.455,0.452,-0.49,-0.485,-0.48,0.6,0.6,0.6,0.963,1.005,1.03
2005,Filipino,0.009000000000000001,0.008,0.007,0.007,0.087,0.085,0.082,0.133,0.135,0.136,46.9,46.375,45.86,0.473,0.467,0.462,-0.503,-0.498,-0.492,0.6,0.6,0.6,0.86,0.897,0.944
2006,Filipino,0.009000000000000001,0.008,0.008,0.008,0.093,0.09,0.088,0.13,0.132,0.134,47.867,47.375,46.86,0.487,0.48,0.474,-0.517,-0.51,-0.504,0.633,0.625,0.62,0.74,0.8,0.842
2007,Filipino,0.008,0.009,0.009,0.008,0.097,0.095,0.092,0.13,0.13,0.132,48.7,48.25,47.78,0.503,0.495,0.488,-0.533,-0.525,-0.518,0.633,0.625,0.62,0.637,0.703,0.758
2008,Filipino,0.008,0.009,0.009,0.008,0.1,0.098,0.096,0.127,0.128,0.128,49.333,48.975,48.56,0.517,0.51,0.502,-0.55,-0.542,-0.534,0.667,0.65,0.64,0.583,0.613,0.67
2009,Filipino,0.006999999999999999,0.008,0.009,0.008,0.097,0.098,0.096,0.123,0.125,0.126,49.667,49.45,49.14,0.533,0.525,0.518,-0.567,-0.558,-0.55,0.633,0.65,0.64,0.54,0.56,0.588
2010,Filipino,0.006,0.008,0.008,0.008,0.09,0.092,0.094,0.12,0.122,0.124,49.667,49.6,49.44,0.543,0.538,0.53,-0.583,-0.575,-0.566,0.633,0.625,0.64,0.5,0.522,0.542
2011,Filipino,0.006,0.007,0.007,0.008,0.083,0.088,0.09,0.12,0.12,0.122,49.233,49.375,49.38,0.553,0.548,0.542,-0.597,-0.59,-0.582,0.567,0.6,0.6,0.48,0.495,0.514
2012,Filipino,0.006,0.006,0.007,0.007,0.08,0.082,0.086,0.12,0.12,0.12,48.5,48.825,49.02,0.557,0.555,0.55,-0.603,-0.598,-0.592,0.5,0.525,0.56,0.467,0.472,0.486
2013,Filipino,0.006999999999999999,0.006,0.006,0.007,0.08,0.08,0.082,0.12,0.12,0.12,48.033,48.375,48.66,0.56,0.558,0.556,-0.58,-0.585,-0.584,0.433,0.475,0.5,0.463,0.465,0.47
2014,Filipino,0.006999999999999999,0.006,0.006,0.006,0.08,0.08,0.08,0.12,0.12,0.12,47.8,47.975,48.26,0.563,0.562,0.56,-0.553,-0.568,-0.574,0.4,0.425,0.46,0.453,0.46,0.462
2015,Filipino,0.006999999999999999,0.007,0.006,0.006,0.08,0.08,0.08,0.12,0.12,0.12,47.833,47.775,47.92,0.557,0.558,0.558,-0.537,-0.552,-0.564,0.367,0.375,0.4,0.457,0.455,0.46
2016,Filipino,0.006999999999999999,0.007,0.007,0.007,0.083,0.082,0.082,0.123,0.122,0.122,47.667,47.75,47.72,0.543,0.548,0.55,-0.55,-0.545,-0.556,0.333,0.35,0.36,0.463,0.462,0.46
2017,Filipino,0.006999999999999999,0.007,0.007,0.007,0.087,0.085,0.084,0.123,0.122,0.122,48.133,48.05,48.04,0.533,0.542,0.546,-0.557,-0.55,-0.546,0.3,0.325,0.34,0.48,0.472,0.47
2018,Filipino,0.006,0.007,0.007,0.007,0.09,0.088,0.086,0.123,0.122,0.122,48.633,48.4,48.28,0.523,0.528,0.536,-0.563,-0.56,-0.554,0.3,0.3,0.32,0.497,0.488,0.48
2019,Filipino,0.006,0.007,0.007,0.007,0.093,0.092,0.09,0.12,0.122,0.122,49.067,48.675,48.48,0.513,0.515,0.52,-0.547,-0.552,-0.552,0.3,0.3,0.3,0.503,0.498,0.49
2020,Filipino,0.006,0.006,0.006,0.007,0.097,0.095,0.094,0.117,0.117,0.12,49.267,49.25,48.9,0.51,0.518,0.518,-0.537,-0.54,-0.546,0.3,0.3,0.3,0.507,0.505,0.5
2021,Filipino,0.006,0.006,0.006,0.006,0.1,0.098,0.096,0.11,0.112,0.114,49.833,49.675,49.58,0.523,0.52,0.524,-0.527,-0.538,-0.54,0.3,0.3,0.3,0.503,0.505,0.504
1980,Hindi,0.002,NA,NA,NA,NA,NA,NA,NA,NA,NA,NA,NA,NA,NA,NA,NA,NA,NA,NA,NA,NA,NA,NA,NA,NA
1981,Hindi,0.002,NA,NA,NA,NA,NA,NA,NA,NA,NA,NA,NA,NA,NA,NA,NA,NA,NA,NA,NA,NA,NA,NA,NA,NA
1982,Hindi,0.002,NA,NA,NA,NA,NA,NA,NA,NA,NA,NA,NA,NA,NA,NA,NA,NA,NA,NA,NA,NA,NA,NA,NA,NA
1983,Hindi,0.002,0.002,NA,NA,0.03,NA,NA,0.037,NA,NA,52.6,NA,NA,0.29,NA,NA,-0.177,NA,NA,3.433,NA,NA,0.62,NA,NA
1984,Hindi,0.003,0.002,0.002,NA,0.03,0.03,NA,0.043,0.04,NA,53.3,52.95,NA,0.337,0.312,NA,-0.2,-0.188,NA,3.767,3.575,NA,0.713,0.685,NA
1985,Hindi,0.003,0.002,0.002,0.002,0.03,0.03,0.03,0.047,0.045,0.042,54,53.65,53.3,0.377,0.355,0.332,-0.217,-0.208,-0.196,4.033,3.9,3.72,0.767,0.725,0.7
1986,Hindi,0.003,0.003,0.002,0.002,0.033,0.032,0.032,0.05,0.048,0.046,54.667,54.325,53.98,0.41,0.392,0.372,-0.23,-0.222,-0.214,4.333,4.2,4.06,0.783,0.753,0.722
1987,Hindi,0.003,0.003,0.003,0.003,0.037,0.035,0.034,0.05,0.05,0.048,55.3,54.975,54.64,0.437,0.422,0.406,-0.237,-0.232,-0.226,4.733,4.55,4.4,0.707,0.75,0.732
1988,Hindi,0.003,0.003,0.003,0.003,0.04,0.038,0.036,0.05,0.05,0.05,55.9,55.6,55.28,0.457,0.445,0.432,-0.243,-0.24,-0.236,5.267,5.025,4.82,0.653,0.68,0.72
1989,Hindi,0.003,0.003,0.003,0.003,0.04,0.04,0.038,0.05,0.05,0.05,56.467,56.175,55.88,0.47,0.462,0.452,-0.247,-0.245,-0.242,5.833,5.55,5.3,0.653,0.667,0.686
1990,Hindi,0.003,0.003,0.003,0.003,0.04,0.04,0.04,0.047,0.048,0.048,57.033,56.75,56.46,0.48,0.475,0.468,-0.247,-0.245,-0.244,6.367,6.075,5.8,0.667,0.662,0.672
1991,Hindi,0.003,0.003,0.003,0.003,0.04,0.04,0.04,0.043,0.045,0.046,57.567,57.3,57.02,0.487,0.482,0.478,-0.243,-0.245,-0.244,6.767,6.55,6.28,0.68,0.66,0.658
1992,Hindi,0.004,0.003,0.003,0.003,0.04,0.04,0.04,0.04,0.043,0.044,58.1,57.825,57.56,0.49,0.488,0.484,-0.24,-0.242,-0.244,7.233,7.025,6.8,0.633,0.653,0.642
1993,Hindi,0.005,0.003,0.003,0.003,0.043,0.043,0.042,0.037,0.038,0.04,58.6,58.35,58.08,0.49,0.49,0.488,-0.237,-0.238,-0.24,7.7,7.475,7.26,0.597,0.62,0.638
1994,Hindi,0.006,0.004,0.004,0.004,0.05,0.048,0.046,0.033,0.035,0.036,59.1,58.85,58.6,0.487,0.488,0.488,-0.23,-0.232,-0.234,7.9,7.7,7.52,0.617,0.623,0.636
1995,Hindi,0.006999999999999999,0.005,0.005,0.004,0.06,0.055,0.052,0.03,0.032,0.034,59.6,59.35,59.1,0.483,0.485,0.486,-0.223,-0.227,-0.23,7.767,7.775,7.64,0.643,0.625,0.628
1996,Hindi,0.006999999999999999,0.006,0.005,0.005,0.07,0.065,0.06,0.027,0.028,0.03,60.133,59.875,59.62,0.48,0.482,0.484,-0.217,-0.22,-0.224,7.367,7.575,7.62,0.677,0.652,0.636
1997,Hindi,0.008,0.007,0.006,0.006,0.08,0.075,0.07,0.023,0.025,0.026,60.667,60.4,60.14,0.477,0.478,0.48,-0.21,-0.212,-0.216,7.033,7.2,7.4,0.667,0.675,0.656
1998,Hindi,0.009000000000000001,0.007,0.007,0.007,0.09,0.085,0.08,0.02,0.022,0.024,61.233,60.95,60.68,0.477,0.478,0.478,-0.203,-0.207,-0.21,6.9,7.025,7.16,0.683,0.675,0.68
1999,Hindi,0.01,0.008,0.008,0.007,0.1,0.095,0.09,0.02,0.02,0.022,61.833,61.55,61.26,0.477,0.478,0.478,-0.197,-0.2,-0.204,7.1,7.075,7.14,0.703,0.698,0.688
2000,Hindi,0.01,0.009,0.009,0.008,0.11,0.105,0.1,0.023,0.022,0.022,62.467,62.15,61.86,0.483,0.48,0.48,-0.19,-0.192,-0.196,7.6,7.375,7.3,0.727,0.713,0.706
2001,Hindi,0.011000000000000001,0.01,0.009,0.009,0.117,0.112,0.108,0.027,0.025,0.024,63.167,62.825,62.5,0.493,0.49,0.486,-0.18,-0.185,-0.188,8.6,8.2,7.9,0.73,0.723,0.712
2002,Hindi,0.011000000000000001,0.01,0.01,0.01,0.123,0.12,0.116,0.033,0.03,0.028,63.9,63.55,63.2,0.51,0.502,0.498,-0.17,-0.175,-0.18,9.9,9.325,8.86,0.723,0.728,0.722
2003,Hindi,0.012,0.011,0.011,0.01,0.127,0.125,0.122,0.037,0.035,0.032,64.733,64.325,63.96,0.533,0.522,0.514,-0.16,-0.165,-0.17,11.4,10.6,10,0.76,0.755,0.752
2004,Hindi,0.012,0.011,0.011,0.011,0.13,0.128,0.126,0.043,0.04,0.038,65.6,65.175,64.76,0.563,0.55,0.538,-0.153,-0.158,-0.162,12.7,12.025,11.26,0.823,0.795,0.784
2005,Hindi,0.013,0.012,0.012,0.011,0.133,0.132,0.13,0.05,0.048,0.044,66.467,66.025,65.6,0.597,0.58,0.566,-0.153,-0.155,-0.158,13.6,13.075,12.46,0.897,0.853,0.824
2006,Hindi,0.013,0.012,0.012,0.012,0.137,0.135,0.134,0.063,0.058,0.054,67.333,66.9,66.46,0.633,0.615,0.598,-0.163,-0.16,-0.16,13.867,13.575,13.16,0.953,0.927,0.886
2007,Hindi,0.013999999999999999,0.013,0.013,0.012,0.143,0.14,0.138,0.077,0.07,0.064,68.133,67.725,67.3,0.667,0.65,0.632,-0.18,-0.173,-0.168,14.033,14,13.74,1.013,0.985,0.958
2008,Hindi,0.013999999999999999,0.013,0.013,0.013,0.15,0.148,0.144,0.09,0.082,0.076,68.9,68.5,68.1,0.703,0.685,0.668,-0.21,-0.198,-0.188,14.367,14.325,14.24,1.113,1.07,1.036
2009,Hindi,0.013999999999999999,0.014,0.013,0.013,0.16,0.155,0.152,0.1,0.095,0.088,69.567,69.225,68.84,0.737,0.72,0.702,-0.253,-0.235,-0.22,15,14.625,14.54,1.193,1.15,1.108
2010,Hindi,0.013,0.014,0.014,0.014,0.167,0.162,0.158,0.113,0.108,0.102,70.133,69.825,69.5,0.767,0.75,0.734,-0.317,-0.288,-0.266,15.267,15.05,14.74,1.307,1.25,1.204
2011,Hindi,0.013,0.014,0.014,0.014,0.17,0.167,0.164,0.127,0.12,0.114,70.533,70.3,70.02,0.79,0.778,0.762,-0.4,-0.363,-0.33,15,15.05,14.92,1.397,1.357,1.302
2012,Hindi,0.012,0.013,0.013,0.014,0.167,0.167,0.166,0.14,0.132,0.126,70.833,70.675,70.46,0.81,0.8,0.788,-0.493,-0.448,-0.408,14.233,14.525,14.66,1.49,1.433,1.394
2013,Hindi,0.012,0.013,0.013,0.013,0.163,0.165,0.166,0.147,0.142,0.136,71.367,71.175,70.98,0.84,0.828,0.816,-0.547,-0.508,-0.468,13.1,13.625,13.98,1.557,1.522,1.47
2014,Hindi,0.011000000000000001,0.012,0.013,0.013,0.157,0.16,0.162,0.15,0.148,0.144,72.067,71.75,71.52,0.877,0.86,0.846,-0.56,-0.545,-0.514,12.167,12.725,13.22,1.6,1.578,1.546
2015,Hindi,0.011000000000000001,0.012,0.012,0.012,0.153,0.155,0.158,0.153,0.152,0.15,72.533,72.175,71.9,0.897,0.88,0.866,-0.557,-0.565,-0.552,12.333,12.525,12.9,1.64,1.615,1.594
2016,Hindi,0.011000000000000001,0.011,0.012,0.012,0.15,0.152,0.154,0.16,0.158,0.156,72.933,72.75,72.42,0.89,0.887,0.876,-0.56,-0.558,-0.564,13.7,13.225,13.2,1.683,1.668,1.642
2017,Hindi,0.01,0.011,0.011,0.011,0.15,0.15,0.152,0.163,0.16,0.158,73.4,73.275,73.06,0.887,0.895,0.892,-0.557,-0.552,-0.552,15.6,14.6,14.04,1.753,1.725,1.704
2018,Hindi,0.01,0.011,0.011,0.011,0.15,0.15,0.15,0.167,0.165,0.162,74.1,73.7,73.54,0.887,0.887,0.894,-0.553,-0.56,-0.556,17.033,16.175,15.26,1.833,1.79,1.76
2019,Hindi,0.01,0.01,0.011,0.011,0.15,0.15,0.15,0.163,0.165,0.164,74.9,74.525,74.12,0.913,0.9,0.898,-0.55,-0.552,-0.558,17.867,17.375,16.62,1.94,1.893,1.846
2020,Hindi,0.01,0.01,0.01,0.01,0.15,0.15,0.15,0.163,0.162,0.164,75.367,75.1,74.76,0.92,0.917,0.906,-0.563,-0.555,-0.556,18.1,17.9,17.5,2.06,2.007,1.956
2021,Hindi,0.009000000000000001,0.01,0.01,0.01,0.15,0.15,0.15,0.16,0.162,0.162,75.667,75.4,75.18,0.933,0.922,0.92,-0.57,-0.57,-0.562,18.233,18.15,17.98,2.117,2.062,2.02
1958,Japanese,0.026,NA,NA,NA,NA,NA,NA,NA,NA,NA,NA,NA,NA,NA,NA,NA,NA,NA,NA,NA,NA,NA,NA,NA,NA
1959,Japanese,0.034999999999999996,NA,NA,NA,NA,NA,NA,NA,NA,NA,NA,NA,NA,NA,NA,NA,NA,NA,NA,NA,NA,NA,NA,NA,NA
1960,Japanese,0.049,NA,NA,NA,NA,NA,NA,NA,NA,NA,NA,NA,NA,NA,NA,NA,NA,NA,NA,NA,NA,NA,NA,NA,NA
1961,Japanese,0.048,0.037,NA,NA,0.24,NA,NA,NA,NA,NA,9.933,NA,NA,0.087,NA,NA,-0.18,NA,NA,4.633,NA,NA,6.023,NA,NA
1962,Japanese,0.054,0.044,0.04,NA,0.277,0.255,NA,NA,NA,NA,10.933,10.4,NA,0.12,0.103,NA,-0.21,-0.195,NA,4.6,4.625,NA,7.02,6.495,NA
1963,Japanese,0.056999999999999995,0.05,0.046,0.042,0.3,0.285,0.266,NA,NA,NA,11.733,11.3,10.8,0.15,0.135,0.118,-0.237,-0.222,-0.208,4.567,4.575,4.6,7.423,7.088,6.654
1964,Japanese,0.06,0.053,0.052,0.049,0.313,0.308,0.294,NA,NA,NA,12.4,12.05,11.64,0.18,0.165,0.15,-0.263,-0.25,-0.236,4.5,4.525,4.54,7.71,7.55,7.256
1965,Japanese,0.059000000000000004,0.057,0.055,0.054,0.327,0.32,0.314,NA,NA,NA,12.933,12.65,12.32,0.207,0.192,0.178,-0.287,-0.275,-0.262,4.4,4.45,4.48,7.79,7.82,7.67
1966,Japanese,0.056999999999999995,0.059,0.057,0.056,0.337,0.33,0.324,NA,NA,NA,13.367,13.125,12.86,0.233,0.22,0.206,-0.31,-0.298,-0.286,4.267,4.325,4.38,8.413,8.133,8.088
1967,Japanese,0.055,0.059,0.058,0.057,0.34,0.337,0.332,NA,NA,NA,13.733,13.55,13.32,0.257,0.245,0.232,-0.327,-0.318,-0.306,4.1,4.175,4.24,8.93,8.68,8.402
1968,Japanese,0.058,0.057,0.058,0.058,0.34,0.34,0.338,NA,NA,NA,14.067,13.9,13.72,0.277,0.265,0.254,-0.343,-0.335,-0.326,3.867,3.975,4.06,9.45,9.125,8.886
1969,Japanese,0.067,0.057,0.057,0.058,0.353,0.35,0.348,NA,NA,NA,14.433,14.25,14.08,0.293,0.285,0.274,-0.357,-0.35,-0.342,3.633,3.75,3.86,9.84,9.67,9.366
1970,Japanese,0.077,0.06,0.059,0.059,0.393,0.38,0.372,NA,NA,NA,14.833,14.65,14.46,0.307,0.3,0.292,-0.37,-0.362,-0.356,3.4,3.525,3.64,10.45,10.207,9.998
1971,Japanese,0.08499999999999999,0.067,0.064,0.063,0.47,0.438,0.418,NA,NA,NA,15.333,15.1,14.9,0.32,0.313,0.306,-0.38,-0.375,-0.368,3.233,3.325,3.44,11.433,11.002,10.698
1972,Japanese,0.092,0.076,0.072,0.068,0.573,0.525,0.488,NA,NA,NA,15.933,15.65,15.4,0.33,0.325,0.318,-0.39,-0.385,-0.38,3.133,3.2,3.28,12.193,11.727,11.324
1973,Japanese,0.094,0.085,0.08,0.076,0.69,0.632,0.582,NA,NA,NA,16.667,16.325,16.02,0.337,0.333,0.328,-0.397,-0.392,-0.388,3.133,3.15,3.2,12.863,12.475,12.046
1974,Japanese,0.094,0.09,0.087,0.083,0.807,0.747,0.69,NA,NA,NA,17.533,17.125,16.76,0.343,0.34,0.336,-0.4,-0.398,-0.394,3.267,3.225,3.22,12.907,12.845,12.538
1975,Japanese,0.09,0.093,0.091,0.088,0.913,0.857,0.8,NA,NA,NA,18.533,18.05,17.62,0.347,0.345,0.342,-0.403,-0.402,-0.4,3.5,3.4,3.34,12.57,12.58,12.596
1976,Japanese,0.095,0.093,0.092,0.091,1.003,0.955,0.902,NA,NA,NA,19.6,19.075,18.58,0.35,0.348,0.346,-0.407,-0.405,-0.404,3.767,3.625,3.52,11.55,11.993,12.116
1977,Japanese,0.095,0.093,0.093,0.093,1.07,1.032,0.988,NA,NA,NA,20.733,20.175,19.64,0.35,0.35,0.348,-0.41,-0.408,-0.406,4,3.875,3.74,10.913,11.383,11.77
1978,Japanese,0.096,0.093,0.094,0.094,1.117,1.09,1.056,NA,NA,NA,21.867,21.3,20.74,0.35,0.35,0.35,-0.413,-0.413,-0.41,4.133,4.05,3.94,10.687,10.915,11.29
1979,Japanese,0.094,0.095,0.094,0.094,1.147,1.13,1.106,NA,NA,NA,23.033,22.45,21.88,0.35,0.35,0.35,-0.417,-0.415,-0.414,4.233,4.175,4.1,11.21,10.972,11.098
1980,Japanese,0.095,0.095,0.095,0.094,1.17,1.158,1.142,NA,NA,NA,24.167,23.6,23.02,0.353,0.353,0.352,-0.423,-0.42,-0.418,4.267,4.25,4.2,11.347,11.23,11.036
1981,Japanese,0.10300000000000001,0.095,0.095,0.095,1.203,1.19,1.176,NA,NA,NA,25.3,24.725,24.16,0.357,0.355,0.354,-0.43,-0.428,-0.424,4.3,4.275,4.26,11.393,11.275,11.196
1982,Japanese,0.116,0.097,0.097,0.097,1.267,1.242,1.224,NA,NA,NA,26.367,25.825,25.26,0.36,0.358,0.356,-0.44,-0.435,-0.432,4.267,4.275,4.26,11.453,11.547,11.422
1983,Japanese,0.129,0.105,0.102,0.101,1.37,1.325,1.294,0.063,NA,NA,27.367,26.85,26.32,0.363,0.363,0.36,-0.453,-0.448,-0.442,4.167,4.2,4.22,11.98,11.808,11.812
1984,Japanese,0.145,0.116,0.111,0.107,1.51,1.445,1.394,0.067,0.065,NA,28.3,27.825,27.32,0.37,0.368,0.366,-0.467,-0.46,-0.454,4.033,4.1,4.14,12.877,12.423,12.196
1985,Japanese,0.163,0.13,0.123,0.118,1.67,1.592,1.524,0.07,0.067,0.066,29.167,28.725,28.26,0.377,0.372,0.37,-0.48,-0.472,-0.466,3.9,3.975,4.04,13.823,13.37,12.908
1986,Japanese,0.188,0.146,0.138,0.131,1.857,1.768,1.686,0.073,0.072,0.07,30,29.575,29.14,0.383,0.38,0.376,-0.49,-0.485,-0.478,3.867,3.9,3.96,15.033,14.492,13.996
1987,Japanese,0.22499999999999998,0.165,0.156,0.148,2.08,1.978,1.882,0.077,0.075,0.074,30.767,30.375,29.96,0.387,0.385,0.382,-0.5,-0.495,-0.49,4.033,4,4,16.577,15.87,15.27
1988,Japanese,0.268,0.192,0.18,0.17,2.373,2.24,2.126,0.08,0.078,0.076,31.533,31.15,30.76,0.39,0.387,0.386,-0.503,-0.5,-0.496,4.5,4.325,4.24,17.327,16.708,16.116
1989,Japanese,0.304,0.227,0.211,0.198,2.733,2.565,2.42,0.083,0.082,0.08,32.267,31.9,31.52,0.39,0.39,0.388,-0.503,-0.502,-0.5,5.333,4.975,4.74,17.353,17.14,16.682
1990,Japanese,0.332,0.266,0.246,0.23,3.137,2.938,2.762,0.087,0.085,0.084,33.033,32.65,32.28,0.39,0.39,0.39,-0.493,-0.498,-0.498,6.433,5.925,5.52,16.72,17.135,17.008
1991,Japanese,0.336,0.301,0.282,0.263,3.52,3.32,3.124,0.09,0.088,0.086,33.767,33.4,33.02,0.387,0.387,0.388,-0.477,-0.482,-0.488,7.7,7.075,6.54,16.223,16.443,16.83
1992,Japanese,0.337,0.324,0.31,0.293,3.827,3.655,3.468,0.09,0.09,0.088,34.533,34.15,33.78,0.38,0.382,0.384,-0.447,-0.46,-0.468,8.8,8.2,7.6,15.84,16.025,16.24
1993,Japanese,0.335,0.335,0.327,0.315,4.02,3.902,3.75,0.09,0.09,0.09,35.3,34.925,34.54,0.37,0.375,0.378,-0.407,-0.425,-0.44,9.5,9.05,8.52,15.307,15.6,15.796
1994,Japanese,0.325,0.336,0.335,0.329,4.103,4.045,3.946,0.09,0.09,0.09,36.1,35.7,35.32,0.357,0.363,0.368,-0.36,-0.382,-0.402,9.733,9.55,9.18,15.047,15.188,15.446
1995,Japanese,0.314,0.332,0.333,0.333,4.097,4.088,4.044,0.09,0.09,0.09,36.9,36.5,36.1,0.34,0.348,0.354,-0.31,-0.335,-0.358,9.833,9.8,9.64,14.817,14.97,15.098
1996,Japanese,0.303,0.325,0.328,0.329,4.03,4.055,4.056,0.09,0.09,0.09,37.667,37.275,36.88,0.323,0.333,0.34,-0.263,-0.288,-0.312,9.9,9.875,9.84,14.583,14.657,14.812
1997,Japanese,0.296,0.314,0.319,0.323,3.927,3.975,4.006,0.09,0.09,0.09,38.433,38.05,37.66,0.307,0.315,0.324,-0.22,-0.243,-0.266,10.033,9.95,9.92,13.947,14.168,14.31
1998,Japanese,0.297,0.304,0.31,0.315,3.817,3.872,3.922,0.09,0.09,0.09,39.167,38.8,38.42,0.29,0.298,0.306,-0.183,-0.202,-0.224,9.967,9.975,9.92,13.047,13.47,13.742
1999,Japanese,0.299,0.299,0.302,0.307,3.72,3.772,3.826,0.09,0.09,0.09,39.9,39.525,39.16,0.273,0.283,0.29,-0.157,-0.173,-0.19,9.8,9.85,9.88,12.09,12.613,13.038
2000,Japanese,0.304,0.297,0.299,0.302,3.653,3.692,3.74,0.087,0.088,0.088,40.6,40.25,39.88,0.26,0.268,0.276,-0.147,-0.155,-0.168,9.467,9.625,9.7,11.403,11.783,12.262
2001,Japanese,0.309,0.3,0.299,0.3,3.623,3.645,3.678,0.083,0.085,0.086,41.267,40.925,40.58,0.25,0.255,0.262,-0.157,-0.155,-0.16,9.033,9.225,9.4,10.883,11.172,11.522
2002,Japanese,0.315,0.304,0.302,0.301,3.633,3.635,3.65,0.077,0.08,0.082,41.867,41.55,41.22,0.243,0.248,0.252,-0.19,-0.178,-0.172,8.533,8.775,8.98,10.367,10.602,10.89
2003,Japanese,0.328,0.309,0.307,0.305,3.677,3.66,3.656,0.073,0.075,0.078,42.4,42.125,41.82,0.24,0.242,0.246,-0.243,-0.22,-0.204,8.1,8.35,8.58,9.827,10.085,10.33
2004,Japanese,0.33999999999999997,0.317,0.314,0.311,3.747,3.715,3.694,0.067,0.07,0.072,42.9,42.65,42.38,0.24,0.24,0.242,-0.317,-0.283,-0.256,7.633,7.85,8.1,9.163,9.492,9.766
2005,Japanese,0.35500000000000004,0.328,0.323,0.319,3.837,3.795,3.76,0.06,0.062,0.066,43.4,43.15,42.9,0.243,0.242,0.242,-0.403,-0.363,-0.326,7.467,7.6,7.78,8.553,8.855,9.18
2006,Japanese,0.369,0.341,0.334,0.329,3.94,3.89,3.846,0.05,0.055,0.058,43.867,43.625,43.38,0.25,0.248,0.246,-0.497,-0.45,-0.408,7.167,7.325,7.46,7.937,8.262,8.562
2007,Japanese,0.376,0.355,0.348,0.341,4.047,3.993,3.942,0.043,0.048,0.052,44.333,44.1,43.86,0.26,0.255,0.252,-0.583,-0.537,-0.492,6.833,6.9,7.08,7.467,7.722,8.026
2008,Japanese,0.373,0.367,0.36,0.354,4.147,4.095,4.042,0.037,0.04,0.044,44.833,44.6,44.36,0.267,0.262,0.258,-0.657,-0.617,-0.574,6.133,6.475,6.6,7.01,7.24,7.49
2009,Japanese,0.356,0.373,0.368,0.363,4.23,4.185,4.136,0.033,0.035,0.038,45.4,45.125,44.88,0.273,0.27,0.266,-0.71,-0.68,-0.644,5.3,5.7,6.06,6.52,6.737,6.976
2010,Japanese,0.34199999999999997,0.368,0.368,0.366,4.287,4.253,4.212,0.027,0.03,0.032,46,45.7,45.42,0.28,0.278,0.274,-0.737,-0.718,-0.692,4.467,4.875,5.28,6.007,6.275,6.498
2011,Japanese,0.334,0.357,0.362,0.363,4.307,4.29,4.262,0.023,0.025,0.028,46.667,46.35,46.04,0.287,0.283,0.28,-0.727,-0.725,-0.712,3.633,4.075,4.48,5.69,5.907,6.142
2012,Japanese,0.33,0.344,0.351,0.356,4.29,4.293,4.282,0.02,0.022,0.024,47.433,47.075,46.74,0.297,0.293,0.288,-0.683,-0.7,-0.704,3.033,3.375,3.78,5.453,5.57,5.768
2013,Japanese,0.328,0.335,0.34,0.347,4.263,4.278,4.282,0.02,0.02,0.022,48.233,47.825,47.46,0.327,0.318,0.31,-0.647,-0.67,-0.686,2.633,2.875,3.18,5.473,5.49,5.576
2014,Japanese,0.33,0.331,0.334,0.338,4.257,4.268,4.278,0.02,0.02,0.02,48.7,48.375,48.02,0.347,0.332,0.324,-0.637,-0.65,-0.668,2.4,2.525,2.74,5.35,5.415,5.44
2015,Japanese,0.338,0.329,0.33,0.333,4.31,4.295,4.296,0.02,0.02,0.02,49.3,49.05,48.72,0.347,0.338,0.328,-0.65,-0.642,-0.652,2.2,2.3,2.42,5.283,5.265,5.334
2016,Japanese,0.345,0.332,0.332,0.332,4.433,4.385,4.358,0.02,0.02,0.02,49.933,49.7,49.42,0.333,0.345,0.338,-0.633,-0.632,-0.63,2,2.1,2.2,5.123,5.242,5.236
2017,Japanese,0.35100000000000003,0.338,0.335,0.334,4.617,4.532,4.474,0.023,0.022,0.022,50.7,50.225,49.98,0.323,0.33,0.34,-0.603,-0.617,-0.62,1.833,1.925,2.02,5.153,5.175,5.26
2018,Japanese,0.35500000000000004,0.345,0.341,0.338,4.83,4.725,4.636,0.023,0.022,0.022,51.333,51.025,50.58,0.327,0.323,0.328,-0.583,-0.603,-0.614,1.733,1.8,1.88,5.22,5.168,5.182
2019,Japanese,0.35300000000000004,0.35,0.347,0.344,5.043,4.935,4.83,0.023,0.022,0.022,51.967,51.7,51.38,0.31,0.318,0.316,-0.55,-0.557,-0.578,1.7,1.725,1.78,5.227,5.2,5.162
2020,Japanese,0.358,0.353,0.351,0.348,5.237,5.135,5.03,0.02,0.022,0.022,52.833,52.4,52.1,0.3,0.305,0.312,-0.543,-0.55,-0.556,1.667,1.675,1.7,5.193,5.228,5.206
2021,Japanese,0.35200000000000004,0.355,0.354,0.352,5.393,5.308,5.212,0.02,0.02,0.022,53.633,53.225,52.8,0.29,0.298,0.302,-0.553,-0.565,-0.566,1.533,1.575,1.6,5.073,5.108,5.152
1970,Korean,0.001,NA,NA,NA,NA,NA,NA,NA,NA,NA,NA,NA,NA,NA,NA,NA,NA,NA,NA,NA,NA,NA,NA,NA,NA
1971,Korean,0.001,NA,NA,NA,NA,NA,NA,NA,NA,NA,NA,NA,NA,NA,NA,NA,NA,NA,NA,NA,NA,NA,NA,NA,NA
1972,Korean,0.001,NA,NA,NA,NA,NA,NA,NA,NA,NA,NA,NA,NA,NA,NA,NA,NA,NA,NA,NA,NA,NA,NA,NA,NA
1973,Korean,0.001,0.001,NA,NA,0.01,NA,NA,NA,NA,NA,36.033,NA,NA,0,NA,NA,1.007,NA,NA,2.867,NA,NA,1.287,NA,NA
1974,Korean,0.001,0.001,0.001,NA,0.01,0.01,NA,NA,NA,NA,35.767,35.9,NA,0.027,0.013,NA,0.82,0.917,NA,2.633,2.75,NA,1.407,1.36,NA
1975,Korean,0.001,0.001,0.001,0.001,0.01,0.01,0.01,NA,NA,NA,35.5,35.625,35.76,0.05,0.038,0.024,0.657,0.742,0.836,2.4,2.525,2.64,1.487,1.433,1.39
1976,Korean,0.001,0.001,0.001,0.001,0.01,0.01,0.01,NA,NA,NA,35.2,35.35,35.48,0.067,0.058,0.046,0.513,0.587,0.67,2.2,2.3,2.42,1.553,1.508,1.46
1977,Korean,0.001,0.001,0.001,0.001,0.013,0.013,0.012,NA,NA,NA,34.9,35.05,35.2,0.08,0.073,0.064,0.387,0.452,0.524,2,2.1,2.2,1.653,1.635,1.582
1978,Korean,0.002,0.001,0.001,0.001,0.017,0.015,0.014,NA,NA,NA,34.633,34.775,34.92,0.09,0.085,0.078,0.28,0.337,0.4,1.8,1.9,2,1.807,1.732,1.702
1979,Korean,0.002,0.001,0.001,0.001,0.023,0.02,0.018,NA,NA,NA,34.367,34.5,34.64,0.097,0.093,0.088,0.19,0.238,0.292,1.667,1.75,1.84,2.013,1.902,1.824
1980,Korean,0.003,0.002,0.002,0.001,0.027,0.025,0.022,NA,NA,NA,34.133,34.25,34.38,0.1,0.098,0.094,0.117,0.155,0.2,1.633,1.675,1.74,2.093,2.04,1.946
1981,Korean,0.004,0.002,0.002,0.002,0.033,0.03,0.028,NA,NA,NA,33.9,34.025,34.14,0.1,0.1,0.098,0.057,0.09,0.126,1.767,1.725,1.74,2.07,2.045,2.012
1982,Korean,0.005,0.003,0.003,0.002,0.04,0.038,0.034,NA,NA,NA,33.7,33.8,33.92,0.1,0.1,0.1,0.013,0.038,0.068,2.067,1.95,1.88,2.037,2.075,2.054
1983,Korean,0.005,0.004,0.004,0.003,0.05,0.045,0.042,0.07,NA,NA,33.533,33.625,33.72,0.097,0.098,0.098,-0.017,0,0.022,2.6,2.375,2.22,2.147,2.14,2.15
1984,Korean,0.006,0.005,0.004,0.004,0.06,0.055,0.05,0.08,0.075,NA,33.4,33.475,33.56,0.09,0.093,0.094,-0.037,-0.025,-0.01,3.267,2.95,2.7,2.463,2.322,2.282
1985,Korean,0.006,0.005,0.005,0.005,0.067,0.062,0.058,0.09,0.085,0.08,33.333,33.375,33.44,0.08,0.085,0.088,-0.047,-0.04,-0.03,4.033,3.65,3.32,2.707,2.553,2.422
1986,Korean,0.006999999999999999,0.006,0.005,0.005,0.073,0.07,0.066,0.1,0.095,0.09,33.3,33.325,33.36,0.07,0.075,0.08,-0.05,-0.048,-0.042,4.733,4.375,4,2.85,2.75,2.618
1987,Korean,0.009000000000000001,0.006,0.006,0.006,0.08,0.078,0.074,0.11,0.105,0.1,33.333,33.325,33.34,0.06,0.065,0.07,-0.043,-0.045,-0.044,5.3,4.975,4.64,2.973,2.942,2.844
1988,Korean,0.012,0.007,0.007,0.007,0.093,0.088,0.084,0.12,0.115,0.11,33.4,33.375,33.36,0.047,0.053,0.058,-0.03,-0.035,-0.038,5.6,5.4,5.12,3.3,3.18,3.114
1989,Korean,0.015,0.009,0.009,0.008,0.113,0.105,0.098,0.127,0.122,0.118,33.567,33.5,33.46,0.033,0.04,0.046,-0.01,-0.02,-0.026,5.7,5.625,5.46,3.7,3.495,3.36
1990,Korean,0.017,0.012,0.011,0.01,0.14,0.128,0.118,0.133,0.13,0.126,33.8,33.7,33.62,0.02,0.028,0.034,0.013,0.003,-0.008,5.667,5.675,5.62,3.947,3.765,3.588
1991,Korean,0.018000000000000002,0.015,0.013,0.012,0.17,0.155,0.142,0.14,0.138,0.134,34.133,33.975,33.86,0.01,0.015,0.022,0.04,0.028,0.016,5.667,5.675,5.68,3.917,3.888,3.754
1992,Korean,0.019,0.017,0.016,0.014,0.197,0.182,0.168,0.15,0.145,0.142,34.533,34.35,34.18,0,0.005,0.01,0.07,0.055,0.042,5.8,5.775,5.76,3.753,3.835,3.828
1993,Korean,0.02,0.018,0.017,0.016,0.217,0.205,0.192,0.157,0.152,0.148,35.033,34.8,34.6,-0.01,-0.005,0,0.1,0.085,0.07,6.1,5.975,5.92,3.503,3.618,3.71
1994,Korean,0.022000000000000002,0.019,0.019,0.018,0.233,0.225,0.214,0.163,0.16,0.156,35.633,35.35,35.1,-0.02,-0.015,-0.01,0.13,0.115,0.1,6.5,6.3,6.16,3.283,3.39,3.504
1995,Korean,0.023,0.02,0.02,0.019,0.25,0.242,0.234,0.17,0.167,0.164,36.333,36,35.7,-0.027,-0.023,-0.018,0.16,0.145,0.13,6.933,6.725,6.52,3.157,3.265,3.354
1996,Korean,0.026,0.022,0.021,0.02,0.27,0.26,0.252,0.177,0.172,0.17,37.133,36.75,36.4,-0.033,-0.03,-0.026,0.187,0.172,0.158,7.433,7.2,6.98,3.333,3.302,3.36
1997,Korean,0.027999999999999997,0.024,0.023,0.022,0.293,0.282,0.272,0.183,0.18,0.176,38,37.575,37.18,-0.037,-0.035,-0.032,0.21,0.197,0.184,7.833,7.6,7.38,3.477,3.37,3.338
1998,Korean,0.031,0.026,0.025,0.024,0.323,0.31,0.298,0.187,0.185,0.182,38.967,38.5,38.06,-0.043,-0.04,-0.038,0.23,0.22,0.208,8.333,8.1,7.86,3.44,3.382,3.316
1999,Korean,0.032,0.028,0.027,0.026,0.353,0.338,0.324,0.19,0.188,0.186,40.033,39.525,39.04,-0.047,-0.045,-0.042,0.247,0.238,0.228,8.333,8.25,8.08,3.04,3.215,3.214
2000,Korean,0.031,0.03,0.029,0.028,0.377,0.362,0.348,0.19,0.19,0.188,41.2,40.625,40.1,-0.05,-0.048,-0.046,0.257,0.25,0.242,8.3,8.25,8.2,2.92,3.06,3.196
2001,Korean,0.031,0.031,0.03,0.03,0.383,0.378,0.366,0.19,0.19,0.19,42.467,41.85,41.26,-0.05,-0.05,-0.048,0.257,0.255,0.25,8.1,8.3,8.26,3.013,3.035,3.124
2002,Korean,0.031,0.031,0.031,0.031,0.38,0.38,0.376,0.19,0.19,0.19,43.8,43.15,42.52,-0.05,-0.05,-0.05,0.247,0.25,0.25,8.233,8.175,8.32,3.18,3.02,3.036
2003,Korean,0.033,0.031,0.031,0.031,0.373,0.378,0.378,0.187,0.188,0.188,45.233,44.525,43.86,-0.047,-0.048,-0.048,0.23,0.238,0.242,8.5,8.375,8.3,3.177,3.162,3.038
2004,Korean,0.036000000000000004,0.032,0.032,0.032,0.373,0.375,0.378,0.183,0.185,0.186,46.7,45.975,45.26,-0.043,-0.045,-0.046,0.207,0.217,0.226,8.8,8.675,8.54,3.07,3.148,3.142
2005,Korean,0.038,0.033,0.033,0.032,0.387,0.382,0.382,0.18,0.182,0.184,48.167,47.425,46.7,-0.04,-0.043,-0.044,0.18,0.192,0.204,9.133,8.95,8.82,3.1,3.085,3.144
2006,Korean,0.04,0.036,0.034,0.034,0.407,0.398,0.392,0.177,0.178,0.18,49.533,48.825,48.1,-0.037,-0.038,-0.04,0.15,0.165,0.178,9.7,9.475,9.26,2.977,3.01,3.016
2007,Korean,0.041,0.038,0.037,0.036,0.43,0.418,0.408,0.173,0.175,0.176,50.767,50.125,49.44,-0.03,-0.033,-0.034,0.12,0.135,0.15,10.2,9.95,9.72,2.847,2.9,2.942
2008,Korean,0.041,0.04,0.039,0.038,0.447,0.438,0.426,0.167,0.17,0.172,51.767,51.225,50.62,-0.02,-0.025,-0.028,0.09,0.105,0.12,10.767,10.425,10.18,2.67,2.785,2.84
2009,Korean,0.042,0.041,0.04,0.039,0.46,0.452,0.444,0.163,0.165,0.168,52.533,52.1,51.6,-0.013,-0.018,-0.022,0.063,0.078,0.092,11,10.875,10.58,2.557,2.602,2.708
2010,Korean,0.044000000000000004,0.041,0.041,0.04,0.477,0.47,0.462,0.16,0.162,0.164,52.967,52.7,52.32,-0.007,-0.01,-0.014,0.047,0.058,0.07,10.9,10.85,10.78,2.52,2.558,2.594
2011,Korean,0.049,0.042,0.042,0.042,0.51,0.498,0.488,0.16,0.16,0.162,53.067,52.95,52.74,0,-0.003,-0.006,0.04,0.045,0.054,10.567,10.7,10.7,2.56,2.57,2.59
2012,Korean,0.055,0.045,0.044,0.043,0.563,0.54,0.524,0.16,0.16,0.16,52.9,52.95,52.88,0.01,0.005,0.002,0.04,0.04,0.044,10,10.3,10.46,2.653,2.59,2.592
2013,Korean,0.06,0.049,0.048,0.046,0.633,0.6,0.574,0.157,0.158,0.158,53.033,53.075,53.08,0.027,0.02,0.014,0.02,0.025,0.028,9.4,9.65,9.96,2.673,2.645,2.596
2014,Korean,0.064,0.055,0.052,0.05,0.71,0.672,0.638,0.15,0.152,0.154,53.367,53.25,53.24,0.06,0.048,0.038,-0.023,-0.007,0.002,8.6,8.975,9.26,2.66,2.675,2.652
2015,Korean,0.067,0.06,0.057,0.054,0.787,0.748,0.71,0.143,0.148,0.15,53.967,53.625,53.48,0.083,0.068,0.056,-0.073,-0.045,-0.028,7.6,8.075,8.48,2.713,2.705,2.708
2016,Korean,0.06999999999999999,0.064,0.062,0.059,0.857,0.82,0.782,0.14,0.142,0.146,54.333,54.15,53.84,0.11,0.095,0.08,-0.093,-0.075,-0.052,6.667,7.15,7.62,2.857,2.798,2.774
2017,Korean,0.073,0.067,0.065,0.063,0.92,0.887,0.852,0.137,0.137,0.14,54.9,54.65,54.44,0.11,0.11,0.098,-0.087,-0.087,-0.074,5.9,6.35,6.8,2.983,2.908,2.85
2018,Korean,0.078,0.07,0.068,0.067,0.987,0.955,0.922,0.133,0.135,0.136,55.533,55.25,54.98,0.12,0.113,0.112,-0.077,-0.085,-0.086,5.4,5.675,6.08,3.057,3.002,2.938
2019,Korean,0.083,0.074,0.072,0.07,1.067,1.03,0.996,0.127,0.13,0.132,56.767,56.25,55.88,0.13,0.13,0.122,-0.103,-0.097,-0.1,5.067,5.25,5.5,3.067,3.062,3.018
2020,Korean,0.092,0.078,0.076,0.074,1.167,1.12,1.08,0.123,0.125,0.128,57.867,57.3,56.78,0.15,0.14,0.138,-0.133,-0.117,-0.11,4.8,4.95,5.12,3.117,3.102,3.092
2021,Korean,0.10300000000000001,0.084,0.082,0.079,1.293,1.235,1.184,0.12,0.122,0.124,58.8,58.175,57.66,0.167,0.155,0.146,-0.15,-0.132,-0.12,4.567,4.675,4.82,3.217,3.177,3.154
1980,Vietnamese,0.001,NA,NA,NA,NA,NA,NA,NA,NA,NA,NA,NA,NA,NA,NA,NA,NA,NA,NA,NA,NA,NA,NA,NA,NA
1981,Vietnamese,0,NA,NA,NA,NA,NA,NA,NA,NA,NA,NA,NA,NA,NA,NA,NA,NA,NA,NA,NA,NA,NA,NA,NA,NA
1982,Vietnamese,0.001,NA,NA,NA,NA,NA,NA,NA,NA,NA,NA,NA,NA,NA,NA,NA,NA,NA,NA,NA,NA,NA,NA,NA,NA
1983,Vietnamese,0.001,0.001,NA,NA,0.01,NA,NA,0.07,NA,NA,13.667,NA,NA,-0.213,NA,NA,1.94,NA,NA,1.9,NA,NA,0,NA,NA
1984,Vietnamese,0.001,0.001,0.001,NA,0.01,0.01,NA,0.07,0.07,NA,14.367,14,NA,-0.187,-0.2,NA,1.823,1.882,NA,1.567,1.7,NA,0,0,NA
1985,Vietnamese,0.001,0.001,0.001,0.001,0.01,0.01,0.01,0.07,0.07,0.07,14.967,14.65,14.3,-0.163,-0.175,-0.188,1.71,1.768,1.826,1.2,1.4,1.54,0,0,0
1986,Vietnamese,0.001,0.001,0.001,0.001,0.013,0.013,0.012,0.073,0.072,0.072,15.5,15.225,14.92,-0.14,-0.152,-0.164,1.6,1.655,1.712,1,1.15,1.32,0,0,0
1987,Vietnamese,0.001,0.001,0.001,0.001,0.017,0.015,0.014,0.077,0.075,0.074,15.967,15.725,15.46,-0.117,-0.128,-0.14,1.493,1.548,1.602,0.967,1,1.12,0,0,0
1988,Vietnamese,0.002,0.001,0.001,0.001,0.02,0.018,0.016,0.083,0.08,0.078,16.367,16.15,15.92,-0.093,-0.105,-0.116,1.39,1.443,1.496,0.967,0.95,0.98,0,0,0
1989,Vietnamese,0.002,0.001,0.001,0.001,0.02,0.02,0.018,0.09,0.088,0.084,16.7,16.525,16.32,-0.07,-0.082,-0.094,1.29,1.34,1.392,0.867,0.9,0.9,0,0,0
1990,Vietnamese,0.002,0.002,0.002,0.001,0.02,0.02,0.02,0.103,0.098,0.094,16.967,16.825,16.66,-0.05,-0.06,-0.072,1.193,1.243,1.292,0.7,0.775,0.82,0,0,0
1991,Vietnamese,0.003,0.002,0.002,0.002,0.023,0.022,0.022,0.117,0.11,0.104,17.2,17.075,16.94,-0.03,-0.04,-0.05,1.1,1.148,1.196,0.5,0.6,0.68,0,0,0
1992,Vietnamese,0.005,0.002,0.002,0.002,0.03,0.028,0.026,0.13,0.122,0.116,17.367,17.275,17.16,-0.01,-0.02,-0.03,1.01,1.055,1.102,0.333,0.425,0.52,0,0,0
1993,Vietnamese,0.006,0.003,0.003,0.003,0.043,0.038,0.034,0.143,0.138,0.13,17.533,17.45,17.36,0.01,0,-0.01,0.923,0.968,1.012,0.233,0.3,0.38,0,0,0
1994,Vietnamese,0.006999999999999999,0.005,0.004,0.004,0.057,0.05,0.044,0.157,0.15,0.144,17.667,17.6,17.52,0.03,0.02,0.01,0.843,0.885,0.928,0.2,0.225,0.28,0,0,0
1995,Vietnamese,0.006999999999999999,0.006,0.005,0.005,0.073,0.065,0.058,0.173,0.165,0.158,17.8,17.725,17.66,0.047,0.038,0.028,0.767,0.805,0.846,0.2,0.2,0.22,0.007,0.005,0.004
1996,Vietnamese,0.006999999999999999,0.007,0.006,0.006,0.083,0.078,0.07,0.187,0.18,0.172,17.9,17.85,17.78,0.06,0.053,0.044,0.693,0.73,0.768,0.2,0.2,0.2,0.017,0.013,0.01
1997,Vietnamese,0.006,0.007,0.007,0.006,0.09,0.085,0.08,0.2,0.192,0.186,18.033,17.975,17.92,0.07,0.065,0.058,0.623,0.66,0.696,0.2,0.2,0.2,0.04,0.03,0.024
1998,Vietnamese,0.006,0.007,0.007,0.007,0.087,0.088,0.084,0.21,0.205,0.198,18.2,18.125,18.06,0.08,0.075,0.07,0.56,0.593,0.628,0.233,0.225,0.22,0.047,0.04,0.032
1999,Vietnamese,0.008,0.006,0.006,0.007,0.083,0.085,0.086,0.22,0.215,0.21,18.433,18.325,18.24,0.087,0.083,0.078,0.503,0.532,0.564,0.267,0.25,0.24,0.053,0.048,0.042
2000,Vietnamese,0.01,0.007,0.007,0.007,0.083,0.085,0.086,0.23,0.225,0.22,18.7,18.575,18.46,0.087,0.085,0.082,0.45,0.478,0.506,0.333,0.3,0.28,0.047,0.052,0.048
2001,Vietnamese,0.012,0.008,0.007,0.007,0.097,0.092,0.092,0.237,0.232,0.228,19.033,18.875,18.74,0.08,0.083,0.082,0.403,0.428,0.454,0.367,0.35,0.32,0.053,0.05,0.054
2002,Vietnamese,0.013,0.01,0.009,0.008,0.117,0.108,0.102,0.24,0.238,0.234,19.433,19.25,19.08,0.067,0.073,0.076,0.36,0.382,0.406,0.4,0.375,0.36,0.063,0.06,0.056
2003,Vietnamese,0.013999999999999999,0.012,0.011,0.01,0.14,0.128,0.118,0.24,0.24,0.238,19.933,19.7,19.5,0.05,0.058,0.064,0.323,0.342,0.364,0.433,0.425,0.4,0.1,0.088,0.08
2004,Vietnamese,0.013999999999999999,0.013,0.012,0.011,0.157,0.148,0.136,0.237,0.238,0.238,20.5,20.225,19.98,0.03,0.04,0.048,0.293,0.31,0.328,0.5,0.475,0.46,0.177,0.148,0.128
2005,Vietnamese,0.013999999999999999,0.014,0.013,0.013,0.167,0.16,0.152,0.23,0.232,0.234,21.1,20.8,20.52,0.01,0.02,0.03,0.267,0.28,0.296,0.567,0.525,0.5,0.243,0.202,0.174
2006,Vietnamese,0.013999999999999999,0.014,0.014,0.013,0.167,0.165,0.16,0.223,0.227,0.23,21.733,21.425,21.12,-0.01,0,0.01,0.247,0.258,0.27,0.667,0.625,0.58,0.29,0.258,0.222
2007,Vietnamese,0.013999999999999999,0.014,0.014,0.014,0.163,0.165,0.164,0.22,0.222,0.226,22.4,22.075,21.76,-0.027,-0.018,-0.008,0.227,0.238,0.248,0.8,0.75,0.7,0.303,0.3,0.272
2008,Vietnamese,0.013999999999999999,0.014,0.014,0.014,0.16,0.162,0.164,0.217,0.218,0.22,23.067,22.725,22.4,-0.037,-0.03,-0.022,0.213,0.22,0.23,1.067,0.95,0.88,0.343,0.328,0.32
2009,Vietnamese,0.013,0.014,0.014,0.014,0.16,0.16,0.162,0.213,0.215,0.216,23.7,23.375,23.04,-0.037,-0.035,-0.03,0.2,0.207,0.214,1.433,1.275,1.14,0.393,0.37,0.352
2010,Vietnamese,0.013,0.014,0.014,0.014,0.16,0.16,0.16,0.213,0.215,0.216,24.267,23.975,23.66,-0.023,-0.028,-0.028,0.19,0.195,0.202,1.733,1.55,1.4,0.477,0.44,0.412
2011,Vietnamese,0.012,0.013,0.013,0.014,0.157,0.158,0.158,0.22,0.218,0.218,24.767,24.5,24.22,0.003,-0.008,-0.014,0.18,0.185,0.19,1.967,1.825,1.66,0.537,0.502,0.468
2012,Vietnamese,0.011000000000000001,0.013,0.013,0.013,0.15,0.152,0.154,0.23,0.225,0.222,25.133,24.925,24.68,0.04,0.023,0.01,0.173,0.177,0.182,2,1.975,1.86,0.58,0.547,0.518
2013,Vietnamese,0.01,0.012,0.012,0.013,0.143,0.148,0.15,0.233,0.23,0.226,25.433,25.275,25.08,0.063,0.048,0.032,0.177,0.177,0.18,2.033,2,1.98,0.6,0.595,0.566
2014,Vietnamese,0.01,0.011,0.012,0.012,0.137,0.14,0.144,0.23,0.23,0.228,26.333,26.05,25.8,0.083,0.073,0.058,0.173,0.172,0.174,1.967,2,1.98,0.66,0.64,0.628
2015,Vietnamese,0.01,0.01,0.011,0.011,0.133,0.135,0.138,0.227,0.23,0.23,27.333,26.85,26.52,0.093,0.09,0.08,0.16,0.162,0.164,1.933,1.95,1.98,0.767,0.72,0.692
2016,Vietnamese,0.01,0.01,0.01,0.011,0.13,0.132,0.134,0.227,0.227,0.23,28.267,27.625,27.18,0.1,0.093,0.09,0.157,0.165,0.166,1.967,1.975,1.98,0.95,0.873,0.814
2017,Vietnamese,0.01,0.01,0.01,0.01,0.133,0.132,0.134,0.23,0.227,0.228,28.5,28.35,27.82,0.097,0.098,0.092,0.14,0.145,0.154,2.033,2,2,1.17,1.068,0.982
2018,Vietnamese,0.01,0.01,0.01,0.01,0.14,0.138,0.136,0.227,0.227,0.226,29.167,28.975,28.76,0.083,0.09,0.092,0.14,0.137,0.142,2.133,2.075,2.04,1.337,1.228,1.134
2019,Vietnamese,0.01,0.01,0.01,0.01,0.15,0.145,0.142,0.223,0.225,0.226,30.1,29.7,29.44,0.083,0.085,0.09,0.123,0.137,0.136,2.167,2.15,2.1,1.403,1.35,1.26
2020,Vietnamese,0.011000000000000001,0.01,0.01,0.01,0.157,0.152,0.148,0.22,0.222,0.224,31.233,30.575,30.16,0.087,0.088,0.088,0.077,0.085,0.104,2.2,2.175,2.16,1.547,1.515,1.45
2021,Vietnamese,0.011000000000000001,0.01,0.01,0.01,0.163,0.16,0.156,0.22,0.22,0.222,32.033,31.625,31.02,0.1,0.093,0.092,-0.003,0.03,0.046,2.267,2.25,2.22,1.87,1.752,1.686
